"","Strong","SensitiveLethality","SensitiveRecovery"
"AKT3;AR",-0.0914241032188823,-0.0914241032188823,NA
"AKT3;AURKA",-0.0467521148774541,-0.0467521148774541,NA
"AKT3;BMP6",-0.0359220777465888,-0.0359220777465888,NA
"AKT3;CCNE2",-0.0454267493009758,-0.0454267493009758,NA
"AKT3;CDC6",0.00244208136390028,0.0024420813639003,NA
"AKT3;CDK2",-0.0822806005904851,-0.0822806005904851,NA
"AKT3;CTNNB1",-0.126063397783509,-0.126063397783509,NA
"AKT3;DHFR",-0.0727292469990544,-0.0727292469990544,NA
"AKT3;ETF1",-0.132287056526764,NA,0.046195984071285
"AKT3;EZH2",-0.0527889413039994,-0.0527889413039994,NA
"AKT3;GART",-0.0504969639070358,-0.0504969639070358,NA
"AKT3;GRB2",-0.0974588931724299,-0.0974588931724299,NA
"AKT3;HDAC1",-0.102605223950997,-0.102605223950997,NA
"AKT3;HPRT1",-0.0742248716067622,-0.0742248716067622,NA
"AKT3;HSP90AA1",-0.00064172136418772,-0.00064172136418772,NA
"AKT3;HSP90B1",-0.0666447378418568,-0.0666447378418568,NA
"AKT3;IGF1R",-0.0498028520357617,-0.0498028520357617,NA
"AKT3;IGFBP5",-0.0723921389553117,-0.0723921389553117,NA
"AKT3;INSR",-0.0667681955720548,-0.0667681955720548,NA
"AKT3;IRS1",-0.126163797210436,-0.126163797210436,NA
"AKT3;JUN",-0.101692531377871,-0.101692531377871,NA
"AKT3;LIMK1",-0.0838293210703717,-0.0838293210703717,NA
"AKT3;MAP2K1",-0.0343160448298825,-0.0343160448298825,NA
"AKT3;MAP3K1",-0.040063230615108,-0.040063230615108,NA
"AKT3;MAPK1",-0.0508608136056352,-0.0508608136056352,NA
"AKT3;MAPK13",-0.083906732383735,-0.083906732383735,NA
"AKT3;MAPK3",-0.0519470382770211,-0.0519470382770211,NA
"AKT3;MAPK8",-0.0570185256242219,-0.0570185256242218,NA
"AKT3;MTOR",-0.0215039208096025,NA,0.0215039208096025
"AKT3;MYC",-0.074665913695361,-0.0746659136953611,NA
"AKT3;NRAS",-0.074683377958389,-0.074683377958389,NA
"AKT3;NXF2",-0.0714447064582345,-0.0714447064582345,NA
"AKT3;NXF2B",-0.101558557231409,-0.101558557231409,NA
"AKT3;PARP1",-0.0618740294550992,-0.0618740294550992,NA
"AKT3;PIK3CA",-0.0407916027292134,-0.0407916027292134,NA
"AKT3;PLD1",-0.123139370736021,-0.123139370736021,NA
"AKT3;PLK1",-0.137784196131823,NA,0.0721723135493539
"AKT3;POLD1",-0.0900570341887578,-0.0900570341887578,NA
"AKT3;PSMB2",-0.0629367861467705,NA,0.0629367861467705
"AKT3;PSMB5",-0.0481362983095592,NA,0.0481362983095592
"AKT3;RHEB",-0.078490928246364,-0.078490928246364,NA
"AKT3;TGFBR2",-0.0768392217200188,-0.0768392217200188,NA
"AKT3;TOP2A",-0.0544644909481544,-0.0544644909481544,NA
"AKT3;TRIB2",-0.0285773397912961,-0.0285773397912961,NA
"AKT3;TRIM25",-0.0647542034539515,-0.0647542034539515,NA
"AKT3;ULK1",-0.0739324212818641,-0.0739324212818641,NA
"AKT3;UPF2",-0.0671597514277905,-0.0671597514277905,NA
"AKT3;UPF3A",-0.0920012505508914,-0.0920012505508914,NA
"AKT3;WNT5A",-0.0236774503655898,-0.0236774503655897,NA
"AR;AURKA",0.014218624560945,0.014218624560945,NA
"AR;BMP6",-0.0870906986376644,-0.0870906986376644,NA
"AR;CCNE2",-0.117308343748364,-0.117308343748364,NA
"AR;CDC6",0.0580531100755972,0.0580531100755972,NA
"AR;CDK2",-0.0883605650041548,-0.0883605650041548,NA
"AR;CTNNB1",-0.121255477277877,-0.121255477277877,NA
"AR;DHFR",-0.143164489591064,-0.143164489591064,NA
"AR;ETF1",0.0947999328671462,NA,-0.113397447343246
"AR;EZH2",-0.0883827081315104,-0.0883827081315104,NA
"AR;GART",-0.142574850855221,-0.142574850855221,NA
"AR;GRB2",-0.0566120337124902,-0.0566120337124902,NA
"AR;HDAC1",-0.12684762210307,-0.12684762210307,NA
"AR;HPRT1",-0.150999670947478,-0.150999670947478,NA
"AR;HSP90AA1",-0.144854411052404,-0.144854411052404,NA
"AR;HSP90B1",-0.130363629465336,-0.130363629465336,NA
"AR;IGF1R",-0.0971509499613294,-0.0971509499613294,NA
"AR;IGFBP5",-0.0869810896943992,-0.0869810896943993,NA
"AR;INSR",-0.114459289768167,-0.114459289768167,NA
"AR;IRS1",-0.0177490383132366,-0.0177490383132366,NA
"AR;JUN",-0.171356996787034,-0.171356996787034,NA
"AR;LIMK1",-0.0915625852488984,-0.0915625852488984,NA
"AR;MAP2K1",-0.0779722304559831,-0.0779722304559831,NA
"AR;MAP3K1",-0.0465183136475823,-0.0465183136475823,NA
"AR;MAPK1",-0.0844168452062478,-0.0844168452062478,NA
"AR;MAPK13",-0.0950970862631698,-0.0950970862631698,NA
"AR;MAPK3",-0.0933662064227892,-0.0933662064227891,NA
"AR;MAPK8",-0.0831183138505785,-0.0831183138505785,NA
"AR;MTOR",0.0286003815313945,NA,-0.0286003815313945
"AR;MYC",-0.11171472670746,-0.11171472670746,NA
"AR;NRAS",-0.0575847258032902,-0.0575847258032902,NA
"AR;NXF2",-0.153047733839854,-0.153047733839854,NA
"AR;NXF2B",-0.12736513233227,-0.12736513233227,NA
"AR;PARP1",-0.059559268223903,-0.059559268223903,NA
"AR;PIK3CA",-0.0627613399856547,-0.0627613399856547,NA
"AR;PLD1",-0.0653300955275822,-0.0653300955275822,NA
"AR;PLK1",-0.0146016668827983,NA,0.0146016668827983
"AR;POLD1",-0.17112618995148,-0.17112618995148,NA
"AR;PSMB2",-0.0428568848188379,NA,0.0428568848188379
"AR;PSMB5",-0.017122011400777,NA,0.017122011400777
"AR;RHEB",-0.145190155821958,-0.145190155821958,NA
"AR;TGFBR2",-0.117180047447679,-0.117180047447679,NA
"AR;TOP2A",-0.122085224531184,-0.122085224531184,NA
"AR;TRIB2",-0.091924510488421,-0.091924510488421,NA
"AR;TRIM25",-0.144026994437454,-0.144026994437454,NA
"AR;ULK1",-0.13803614541965,-0.13803614541965,NA
"AR;UPF2",-0.0521893402074687,-0.0521893402074687,NA
"AR;UPF3A",-0.0626656324318706,-0.0626656324318706,NA
"AR;WNT5A",-0.113134406715158,-0.113134406715158,NA
"AURKA;BMP6",-0.00340978352115584,-0.00340978352115584,NA
"AURKA;CCNE2",0.00637899016103841,0.00637899016103841,NA
"AURKA;CDC6",0.0671502216446681,0.117852712881817,NA
"AURKA;CDK2",0.0898267738867474,0.128150254344074,NA
"AURKA;CTNNB1",-0.095413649131043,-0.095413649131043,NA
"AURKA;DHFR",0.151118482831293,0.151118482831293,NA
"AURKA;ETF1",-0.183268052755947,NA,-0.101234882022373
"AURKA;EZH2",-0.0167483882832101,-0.0167483882832101,NA
"AURKA;GART",-0.00764805723416037,-0.00764805723416037,NA
"AURKA;GRB2",-0.0104917974403954,-0.0104917974403954,NA
"AURKA;HDAC1",-0.0893714907133847,-0.0893714907133847,NA
"AURKA;HPRT1",-0.0687807328508587,-0.0687807328508587,NA
"AURKA;HSP90AA1",0.0234520742422479,0.0234520742422479,NA
"AURKA;HSP90B1",0.0395912488981853,0.0395912488981853,NA
"AURKA;IGF1R",0.138286366678718,0.138286366678718,NA
"AURKA;IGFBP5",-0.0312742424986793,-0.0312742424986793,NA
"AURKA;INSR",-0.053429931511904,-0.053429931511904,NA
"AURKA;IRS1",-0.0243085440812064,-0.0243085440812064,NA
"AURKA;JUN",-0.0506664435954711,-0.0506664435954711,NA
"AURKA;LIMK1",0.00188046211473308,0.00188046211473308,NA
"AURKA;MAP2K1",0.0266629727242973,0.0266629727242973,NA
"AURKA;MAP3K1",0.0349625066237745,0.0349625066237745,NA
"AURKA;MAPK1",0.0198942945460575,0.0198942945460575,NA
"AURKA;MAPK13",-0.0470819142989838,-0.0470819142989838,NA
"AURKA;MAPK3",-0.0057496475125628,-0.0057496475125628,NA
"AURKA;MAPK8",-0.0522693699611451,-0.052269369961145,NA
"AURKA;MTOR",-0.0620427697083501,NA,-0.127866523764154
"AURKA;MYC",0.0363244294316737,0.080396694285246,NA
"AURKA;NRAS",0.0395914215649475,0.0395914215649475,NA
"AURKA;NXF2",-0.0481556545825437,-0.0481556545825437,NA
"AURKA;NXF2B",-0.0997106299797997,-0.0997106299797997,NA
"AURKA;PARP1",0.0797136305077768,0.0797136305077768,NA
"AURKA;PIK3CA",0.102507873004212,0.102507873004212,NA
"AURKA;PLD1",-0.0726644764916801,-0.0726644764916801,NA
"AURKA;PLK1",-0.163975586833393,NA,-0.100048158071918
"AURKA;POLD1",-0.0286490086897332,-0.0286490086897332,NA
"AURKA;PSMB2",-0.118354278993027,NA,-0.0795241475894878
"AURKA;PSMB5",0.0220257145717439,NA,-0.146474645427317
"AURKA;RHEB",-0.0428733286405255,-0.0428733286405255,NA
"AURKA;TGFBR2",-0.0812472815849705,-0.0812472815849705,NA
"AURKA;TOP2A",0.113866283908511,0.113866283908511,NA
"AURKA;TRIB2",-0.0400190441975663,-0.0400190441975663,NA
"AURKA;TRIM25",0.00977664838132164,0.00977664838132167,NA
"AURKA;ULK1",0.0470634744984885,0.0470634744984885,NA
"AURKA;UPF2",0.0265859833068461,0.0265859833068461,NA
"AURKA;UPF3A",0.00337156499936606,0.00337156499936606,NA
"AURKA;WNT5A",0.0115626126822165,0.0115626126822165,NA
"BMP6;CCNE2",-0.0354404055463655,-0.0354404055463655,NA
"BMP6;CDC6",0.00416264501758254,0.00416264501758254,NA
"BMP6;CDK2",-0.0373690690841962,-0.0373690690841962,NA
"BMP6;CTNNB1",-0.171049422906018,-0.171049422906018,NA
"BMP6;DHFR",-0.0371058321004701,-0.0371058321004701,NA
"BMP6;ETF1",-0.16483504218371,NA,0.030991342754835
"BMP6;EZH2",-0.0821345299983361,-0.0821345299983361,NA
"BMP6;GART",-0.0197426884819717,-0.0197426884819717,NA
"BMP6;GRB2",-0.0284546889475201,-0.0284546889475201,NA
"BMP6;HDAC1",-0.101426494145919,-0.101426494145919,NA
"BMP6;HPRT1",-0.0355569051945354,-0.0355569051945354,NA
"BMP6;HSP90AA1",-0.0343916528388518,-0.0343916528388518,NA
"BMP6;HSP90B1",0.00310281166627088,0.00310281166627088,NA
"BMP6;IGF1R",0.00798044299712675,0.00798044299712676,NA
"BMP6;IGFBP5",-0.0929488620583913,-0.0929488620583913,NA
"BMP6;INSR",-0.043133277006644,-0.0431332770066441,NA
"BMP6;IRS1",-0.0532800061719223,-0.0532800061719223,NA
"BMP6;JUN",-0.0964315453972216,-0.0964315453972216,NA
"BMP6;LIMK1",-0.0719735412151494,-0.0719735412151494,NA
"BMP6;MAP2K1",-0.00154598654596028,-0.00154598654596028,NA
"BMP6;MAP3K1",0.012607645935337,0.0126076459353369,NA
"BMP6;MAPK1",-0.0278216222161556,-0.0278216222161556,NA
"BMP6;MAPK13",-0.0439763422716147,-0.0439763422716147,NA
"BMP6;MAPK3",-0.0241113628381073,-0.0241113628381073,NA
"BMP6;MAPK8",-0.079547534877113,-0.079547534877113,NA
"BMP6;MTOR",-0.0234685677810482,NA,-0.0157814903420107
"BMP6;MYC",0.0142790511790517,0.0142790511790517,NA
"BMP6;NRAS",-0.0244326198615114,-0.0244326198615114,NA
"BMP6;NXF2",-0.131232495570265,-0.131232495570265,NA
"BMP6;NXF2B",-0.101602636787952,-0.101602636787952,NA
"BMP6;PARP1",0.00082182412079404,0.000821824120794054,NA
"BMP6;PIK3CA",-0.018806548752566,-0.018806548752566,NA
"BMP6;PLD1",-0.112602972984475,-0.112602972984475,NA
"BMP6;PLK1",-0.113029366855912,NA,-0.00033514269995305
"BMP6;POLD1",0.00258080131088376,0.00258080131088376,NA
"BMP6;PSMB2",-0.0867918999533875,NA,0.0395727087203179
"BMP6;PSMB5",-0.0203549896897515,NA,0.0203549896897515
"BMP6;RHEB",-0.0128835643677364,-0.0128835643677365,NA
"BMP6;TGFBR2",-0.0372106104012046,-0.0372106104012046,NA
"BMP6;TOP2A",-0.0578913702852444,-0.0578913702852444,NA
"BMP6;TRIB2",-0.105489959830496,-0.105489959830496,NA
"BMP6;TRIM25",-0.0328124641015442,-0.0328124641015441,NA
"BMP6;ULK1",-0.0422920335571988,-0.0422920335571988,NA
"BMP6;UPF2",-0.0488245438359185,-0.0488245438359185,NA
"BMP6;UPF3A",-0.0159986150152598,-0.0159986150152598,NA
"BMP6;WNT5A",0.00284567419418841,0.00284567419418844,NA
"CCNE2;CDC6",0.0830495852034702,0.0830495852034702,NA
"CCNE2;CDK2",0.0542554686689812,0.0542554686689812,NA
"CCNE2;CTNNB1",-0.116746979891194,-0.116746979891194,NA
"CCNE2;DHFR",0.0363628312390546,0.0363628312390547,NA
"CCNE2;ETF1",-0.147482560926176,NA,-0.0380734499295123
"CCNE2;EZH2",-0.0948843972722156,-0.0948843972722157,NA
"CCNE2;GART",0.00972786095573497,0.00972786095573497,NA
"CCNE2;GRB2",-0.0352236894469897,-0.0352236894469897,NA
"CCNE2;HDAC1",-0.120634036268321,-0.120634036268321,NA
"CCNE2;HPRT1",-0.0222945014681475,-0.0222945014681475,NA
"CCNE2;HSP90AA1",0.087948569518755,0.087948569518755,NA
"CCNE2;HSP90B1",0.000309484201045179,0.000309484201045172,NA
"CCNE2;IGF1R",0.0933475214584495,0.0933475214584494,NA
"CCNE2;IGFBP5",-0.0467121272936423,-0.0467121272936423,NA
"CCNE2;INSR",-0.0768947907186361,-0.0768947907186361,NA
"CCNE2;IRS1",-0.0469830235552394,-0.0469830235552394,NA
"CCNE2;JUN",-0.1270486636333,-0.1270486636333,NA
"CCNE2;LIMK1",-0.0187196698580453,-0.0187196698580453,NA
"CCNE2;MAP2K1",-0.0163915789734068,-0.0163915789734068,NA
"CCNE2;MAP3K1",0.0475572674331024,0.0475572674331024,NA
"CCNE2;MAPK1",-0.0263401763637317,-0.0263401763637317,NA
"CCNE2;MAPK13",0.0154040162510919,0.0154040162510919,NA
"CCNE2;MAPK3",0.00932939252728651,0.00932939252728648,NA
"CCNE2;MAPK8",-0.119354849587143,-0.119354849587143,NA
"CCNE2;MTOR",0.0112504047713257,NA,-0.102212774321198
"CCNE2;MYC",0.0342860344010043,0.0342860344010043,NA
"CCNE2;NRAS",0.0147793998880097,0.0147793998880097,NA
"CCNE2;NXF2",-0.0769133707294502,-0.0769133707294502,NA
"CCNE2;NXF2B",-0.0982227200769224,-0.0982227200769224,NA
"CCNE2;PARP1",0.0516606363297636,0.0516606363297636,NA
"CCNE2;PIK3CA",0.0864600550025743,0.0864600550025743,NA
"CCNE2;PLD1",-0.118942234626011,-0.118942234626011,NA
"CCNE2;PLK1",-0.110654867227959,NA,-0.0544219537547191
"CCNE2;POLD1",-0.048071676481723,-0.0480716764817229,NA
"CCNE2;PSMB2",-0.0687631485452363,NA,-0.0301683541146464
"CCNE2;PSMB5",0.0948779398988756,NA,-0.120379946831817
"CCNE2;RHEB",0.0167512395360999,0.0167512395360999,NA
"CCNE2;TGFBR2",-0.0359323239043184,-0.0359323239043184,NA
"CCNE2;TOP2A",-0.000897613049146345,-0.000897613049146345,NA
"CCNE2;TRIB2",-0.0772710605107829,-0.0772710605107829,NA
"CCNE2;TRIM25",-0.0187341505783307,-0.0187341505783307,NA
"CCNE2;ULK1",-0.00364589110192151,-0.00364589110192151,NA
"CCNE2;UPF2",0.0568562935271825,0.0568562935271824,NA
"CCNE2;UPF3A",0.00522676933150271,0.00522676933150268,NA
"CCNE2;WNT5A",-0.0509030379041849,-0.050903037904185,NA
"CDC6;CDK2",0.0876580365154475,0.244792407470007,NA
"CDC6;CTNNB1",-0.0907529151388037,-0.0907529151388037,NA
"CDC6;DHFR",0.101745866446909,0.162217472901365,NA
"CDC6;ETF1",-0.165063327365955,NA,-0.238250497909598
"CDC6;EZH2",-0.0113938989567297,-0.0113938989567297,NA
"CDC6;GART",0.0360233440376324,0.0360233440376324,NA
"CDC6;GRB2",0.00560623911614172,0.00560623911614172,NA
"CDC6;HDAC1",-0.0464266258586849,-0.0464266258586849,NA
"CDC6;HPRT1",-0.0249090442552355,-0.0249090442552355,NA
"CDC6;HSP90AA1",0.03714088225108,0.03714088225108,NA
"CDC6;HSP90B1",0.0454575799046382,0.073559881524032,NA
"CDC6;IGF1R",0.107571030417243,0.207048649251282,NA
"CDC6;IGFBP5",-0.0400248694176852,-0.0400248694176852,NA
"CDC6;INSR",0.00648092714229975,0.00648092714229972,NA
"CDC6;IRS1",0.0207408537488116,0.0207408537488116,NA
"CDC6;JUN",-0.00708389374905882,-0.00708389374905882,NA
"CDC6;LIMK1",0.0730132139194187,0.0730132139194187,NA
"CDC6;MAP2K1",0.077295215079579,0.077295215079579,NA
"CDC6;MAP3K1",0.0663004312749791,0.0663004312749791,NA
"CDC6;MAPK1",0.0303347209830038,0.0303347209830038,NA
"CDC6;MAPK13",0.0561918364160136,0.0561918364160136,NA
"CDC6;MAPK3",0.11726148457055,0.11726148457055,NA
"CDC6;MAPK8",0.0316756075023842,0.0316756075023842,NA
"CDC6;MTOR",-0.0199404707375394,NA,-0.288779713232198
"CDC6;MYC",0.0460130973029591,0.208896252653765,NA
"CDC6;NRAS",0.0719971204020737,0.0719971204020737,NA
"CDC6;NXF2",-0.0443832841281797,-0.0443832841281797,NA
"CDC6;NXF2B",-0.0739516028961855,-0.0739516028961856,NA
"CDC6;PARP1",0.139430215991085,0.139430215991085,NA
"CDC6;PIK3CA",0.0533788181953768,0.0533788181953768,NA
"CDC6;PLD1",0.023941674425374,0.023941674425374,NA
"CDC6;PLK1",-0.128305686880137,NA,-0.254528948522406
"CDC6;POLD1",-0.00931274110716285,-0.00931274110716285,NA
"CDC6;PSMB2",-0.0939504984513812,NA,-0.222738818628367
"CDC6;PSMB5",-0.0469609493048015,NA,-0.196298872048005
"CDC6;RHEB",0.0239323849424337,0.0239323849424337,NA
"CDC6;TGFBR2",0.0107939130648637,0.0107939130648637,NA
"CDC6;TOP2A",0.0378388852523576,0.146155342815262,NA
"CDC6;TRIB2",-0.0639174880935594,-0.0639174880935594,NA
"CDC6;TRIM25",-0.0636696682614236,-0.0636696682614236,NA
"CDC6;ULK1",0.00398807528295395,0.00398807528295395,NA
"CDC6;UPF2",0.0313786615123005,0.0313786615123005,NA
"CDC6;UPF3A",0.0373881418846272,0.0373881418846272,NA
"CDC6;WNT5A",-0.0144662500067694,-0.0144662500067694,NA
"CDK2;CTNNB1",-0.173518061287722,-0.173518061287722,NA
"CDK2;DHFR",0.0652420334583659,0.113334629133,NA
"CDK2;ETF1",-0.197696990417587,NA,-0.193237824078145
"CDK2;EZH2",-0.0700164112874868,-0.0700164112874868,NA
"CDK2;GART",0.00725192936331845,0.00725192936331845,NA
"CDK2;GRB2",-0.0155838174585698,-0.0155838174585698,NA
"CDK2;HDAC1",-0.0735004610786999,-0.0735004610786999,NA
"CDK2;HPRT1",0.0234897210124463,0.0234897210124463,NA
"CDK2;HSP90AA1",0.0648021503273423,0.0648021503273423,NA
"CDK2;HSP90B1",0.104448037919489,0.12017132875906,NA
"CDK2;IGF1R",0.147642015909293,0.23474062396351,NA
"CDK2;IGFBP5",-0.0554811252188951,-0.0554811252188951,NA
"CDK2;INSR",-0.0409138068376515,-0.0409138068376515,NA
"CDK2;IRS1",-0.0828779134055952,-0.0828779134055952,NA
"CDK2;JUN",-0.0690422388606059,-0.0690422388606059,NA
"CDK2;LIMK1",0.0399663707489468,0.0399663707489468,NA
"CDK2;MAP2K1",0.0804196763749446,0.0804196763749446,NA
"CDK2;MAP3K1",0.059654458919084,0.059654458919084,NA
"CDK2;MAPK1",-0.0246147018909585,-0.0246147018909585,NA
"CDK2;MAPK13",-0.0428296637362254,-0.0428296637362254,NA
"CDK2;MAPK3",0.0327476157663125,0.0327476157663125,NA
"CDK2;MAPK8",-0.0255259399564573,-0.0255259399564573,NA
"CDK2;MTOR",-0.025665083461777,NA,-0.270676089728138
"CDK2;MYC",0.0796608341341151,0.230164978705098,NA
"CDK2;NRAS",0.0504696977277946,0.0504696977277946,NA
"CDK2;NXF2",-0.110014344888324,-0.110014344888324,NA
"CDK2;NXF2B",-0.0515085664401002,-0.0515085664401002,NA
"CDK2;PARP1",0.0659606602762133,0.0659606602762133,NA
"CDK2;PIK3CA",0.13938085296696,0.13938085296696,NA
"CDK2;PLD1",-0.099372070344279,-0.099372070344279,NA
"CDK2;PLK1",-0.163430438113292,NA,-0.20702518650943
"CDK2;POLD1",-0.058005011607009,-0.058005011607009,NA
"CDK2;PSMB2",-0.100674421412988,NA,-0.203635884886938
"CDK2;PSMB5",-0.0247923937956377,NA,-0.206088416777347
"CDK2;RHEB",-0.0816629382525062,-0.0816629382525062,NA
"CDK2;TGFBR2",-0.0511005553679511,-0.0511005553679511,NA
"CDK2;TOP2A",0.0735944368272807,0.169531883610363,NA
"CDK2;TRIB2",-0.0991447575588021,-0.0991447575588021,NA
"CDK2;TRIM25",-0.0475311230708628,-0.0475311230708628,NA
"CDK2;ULK1",0.0276403767496433,0.0276403767496433,NA
"CDK2;UPF2",0.0434498916774627,0.0434498916774627,NA
"CDK2;UPF3A",0.0382286859900398,0.0382286859900398,NA
"CDK2;WNT5A",-0.0112028362643949,-0.0112028362643949,NA
"CTNNB1;DHFR",-0.173626461668325,-0.173626461668325,NA
"CTNNB1;ETF1",-0.0498084498922661,NA,0.0498084498922661
"CTNNB1;EZH2",-0.152709692540097,-0.152709692540097,NA
"CTNNB1;GART",-0.163795277131464,-0.163795277131464,NA
"CTNNB1;GRB2",-0.180146111846286,-0.180146111846286,NA
"CTNNB1;HDAC1",-0.10638021724388,-0.10638021724388,NA
"CTNNB1;HPRT1",-0.203586021504121,-0.203586021504121,NA
"CTNNB1;HSP90AA1",-0.166281373387909,-0.166281373387909,NA
"CTNNB1;HSP90B1",-0.153561886839874,-0.153561886839874,NA
"CTNNB1;IGF1R",-0.120903231066802,-0.120903231066802,NA
"CTNNB1;IGFBP5",-0.159943247348552,-0.159943247348552,NA
"CTNNB1;INSR",-0.155145496034263,-0.155145496034263,NA
"CTNNB1;IRS1",-0.114310843182013,-0.114310843182013,NA
"CTNNB1;JUN",-0.187535704564815,-0.187535704564815,NA
"CTNNB1;LIMK1",-0.124250927573429,-0.124250927573429,NA
"CTNNB1;MAP2K1",-0.124602143523851,-0.124602143523851,NA
"CTNNB1;MAP3K1",-0.145645619358152,-0.145645619358152,NA
"CTNNB1;MAPK1",-0.14754142275681,-0.14754142275681,NA
"CTNNB1;MAPK13",-0.146957018094692,-0.146957018094692,NA
"CTNNB1;MAPK3",-0.171007825525635,-0.171007825525635,NA
"CTNNB1;MAPK8",-0.110162914404581,-0.110162914404581,NA
"CTNNB1;MTOR",-0.0776797910384073,NA,0.0776797910384073
"CTNNB1;MYC",-0.132210384403389,-0.132210384403389,NA
"CTNNB1;NRAS",-0.157961884903247,-0.157961884903247,NA
"CTNNB1;NXF2",-0.229481360377804,-0.229481360377804,NA
"CTNNB1;NXF2B",-0.128700751317172,-0.128700751317172,NA
"CTNNB1;PARP1",-0.134791432671485,-0.134791432671485,NA
"CTNNB1;PIK3CA",-0.148289282180272,-0.148289282180272,NA
"CTNNB1;PLD1",-0.180255715040955,-0.180255715040955,NA
"CTNNB1;PLK1",-0.114311389535741,NA,0.114311389535741
"CTNNB1;POLD1",-0.188846676015199,-0.188846676015199,NA
"CTNNB1;PSMB2",-0.158087496876073,NA,0.158087496876073
"CTNNB1;PSMB5",-0.0939922764441525,NA,0.0939922764441525
"CTNNB1;RHEB",-0.185807103604907,-0.185807103604907,NA
"CTNNB1;TGFBR2",-0.186232821688558,-0.186232821688558,NA
"CTNNB1;TOP2A",-0.145579568776924,-0.145579568776924,NA
"CTNNB1;TRIB2",-0.134142128879178,-0.134142128879178,NA
"CTNNB1;TRIM25",-0.12585342838513,-0.125853428385131,NA
"CTNNB1;ULK1",-0.184712082853262,-0.184712082853262,NA
"CTNNB1;UPF2",-0.167596831853504,-0.167596831853504,NA
"CTNNB1;UPF3A",-0.207520049267589,-0.207520049267589,NA
"CTNNB1;WNT5A",-0.114596348900832,-0.114596348900832,NA
"DHFR;ETF1",-0.16049826958715,NA,-0.133773780408478
"DHFR;EZH2",-0.0423654543409192,-0.0423654543409192,NA
"DHFR;GART",0.0523077330164611,0.0523077330164611,NA
"DHFR;GRB2",-0.0135322448725308,-0.0135322448725308,NA
"DHFR;HDAC1",-0.0413999491973617,-0.0413999491973617,NA
"DHFR;HPRT1",0.0114300327596771,0.0114300327596771,NA
"DHFR;HSP90AA1",0.0746328471833955,0.0746328471833955,NA
"DHFR;HSP90B1",0.0582614874984046,0.0582614874984046,NA
"DHFR;IGF1R",0.149740447086384,0.149740447086384,NA
"DHFR;IGFBP5",-0.0440399402473881,-0.0440399402473881,NA
"DHFR;INSR",-0.0256851129815737,-0.0256851129815737,NA
"DHFR;IRS1",-0.080779765376442,-0.080779765376442,NA
"DHFR;JUN",-0.0817554319759889,-0.0817554319759889,NA
"DHFR;LIMK1",-0.0120169349434184,-0.0120169349434184,NA
"DHFR;MAP2K1",0.0577452478018098,0.0577452478018098,NA
"DHFR;MAP3K1",0.00362373723643672,0.00362373723643672,NA
"DHFR;MAPK1",-0.0817237630446881,-0.0817237630446881,NA
"DHFR;MAPK13",-0.0721302055369611,-0.0721302055369611,NA
"DHFR;MAPK3",-0.0561845392926178,-0.0561845392926178,NA
"DHFR;MAPK8",-0.117674047269483,-0.117674047269483,NA
"DHFR;MTOR",-0.0313702585647082,NA,-0.168308150125103
"DHFR;MYC",0.0316418361779105,0.0854832162487901,NA
"DHFR;NRAS",0.0132559579925186,0.0132559579925186,NA
"DHFR;NXF2",-0.107230207280242,-0.107230207280242,NA
"DHFR;NXF2B",-0.0731389597603629,-0.0731389597603629,NA
"DHFR;PARP1",0.118237650655397,0.118237650655397,NA
"DHFR;PIK3CA",0.104246424614768,0.104246424614768,NA
"DHFR;PLD1",-0.0416607786788322,-0.0416607786788323,NA
"DHFR;PLK1",-0.130498375824227,NA,-0.143294484298391
"DHFR;POLD1",-0.0442555485232701,-0.0442555485232701,NA
"DHFR;PSMB2",-0.0449487649458025,NA,-0.16269877685402
"DHFR;PSMB5",0.013093017355522,NA,-0.147311063428403
"DHFR;RHEB",-0.079179433292841,-0.079179433292841,NA
"DHFR;TGFBR2",-0.0712369896886076,-0.0712369896886076,NA
"DHFR;TOP2A",0.107480781007653,0.107480781007653,NA
"DHFR;TRIB2",-0.0925648702280194,-0.0925648702280194,NA
"DHFR;TRIM25",-0.0607154011819918,-0.0607154011819918,NA
"DHFR;ULK1",0.0405661081120016,0.0405661081120016,NA
"DHFR;UPF2",0.0305559215621858,0.0305559215621858,NA
"DHFR;UPF3A",0.0206455218332349,0.0206455218332349,NA
"DHFR;WNT5A",-0.0530380685741836,-0.0530380685741836,NA
"ETF1;EZH2",-0.0862115589820538,NA,-0.00167301489363048
"ETF1;GART",-0.143376435033842,NA,-0.0236758268942625
"ETF1;GRB2",-0.0520368472076078,NA,-0.0976887119664313
"ETF1;HDAC1",0.0222724520992009,NA,-0.048903240830692
"ETF1;HPRT1",-0.0633523906637974,NA,-0.0761580201361384
"ETF1;HSP90AA1",-0.130441782007543,NA,-0.0521373976118593
"ETF1;HSP90B1",-0.161263044855792,NA,-0.100639700304774
"ETF1;IGF1R",-0.125164829760362,NA,-0.208113232614849
"ETF1;IGFBP5",-0.0446781821951593,NA,-0.0194191191657697
"ETF1;INSR",0.00558132953715379,NA,-0.0929896405185279
"ETF1;IRS1",0.0198559444558779,NA,-0.0504246936280741
"ETF1;JUN",-0.0223715615567961,NA,-0.0123095756343789
"ETF1;LIMK1",0.155929012043245,NA,-0.213941378522154
"ETF1;MAP2K1",-0.0497549253802265,NA,-0.110787765135727
"ETF1;MAP3K1",-0.108136169366079,NA,-0.0604854394558596
"ETF1;MAPK1",-0.0591902064491598,NA,-0.0369797903181926
"ETF1;MAPK13",0.0120381839214094,NA,-0.0913919489881156
"ETF1;MAPK3",-0.060392073642669,NA,-0.0999233501537595
"ETF1;MAPK8",-0.0440928781679877,NA,-0.00274080420800982
"ETF1;MTOR",-0.158118589778605,NA,-0.384402037732304
"ETF1;MYC",-0.189330024893162,NA,-0.207353573998816
"ETF1;NRAS",-0.0791715476911404,NA,-0.0881000085321451
"ETF1;NXF2",-0.131788331241253,NA,0.0513581401543874
"ETF1;NXF2B",-0.0246990689605829,NA,-0.0029694024908587
"ETF1;PARP1",-0.0831198362046295,NA,-0.143716415199588
"ETF1;PIK3CA",-0.0722609667664218,NA,-0.134504478063767
"ETF1;PLD1",-0.039798226944964,NA,-0.00883510315989511
"ETF1;PLK1",-0.178170091621624,NA,-0.438464987322092
"ETF1;POLD1",-0.0336109678645464,NA,-0.0958240054559039
"ETF1;PSMB2",-0.259599231180108,NA,-0.290890529440812
"ETF1;PSMB5",-0.164645505785153,NA,-0.312414759108826
"ETF1;RHEB",-0.233778814668605,NA,0.0923583260991654
"ETF1;TGFBR2",-0.0605383901597892,NA,-0.0361997614383852
"ETF1;TOP2A",-0.212893947378755,NA,-0.129222953725321
"ETF1;TRIB2",-0.0676262478988531,NA,0.021230402849778
"ETF1;TRIM25",-0.123525308122821,NA,0.0240612247545247
"ETF1;ULK1",-0.144227742217674,NA,-0.0664257425370719
"ETF1;UPF2",-0.190377660119527,NA,0.00192802400231007
"ETF1;UPF3A",-0.0843533238779759,NA,-0.0944142619050694
"ETF1;WNT5A",0.0552026192239096,NA,-0.140894855875913
"EZH2;GART",-0.0447020156722346,-0.0447020156722346,NA
"EZH2;GRB2",-0.0760702216921015,-0.0760702216921016,NA
"EZH2;HDAC1",-0.0310668492778047,-0.0310668492778048,NA
"EZH2;HPRT1",-0.0581809332121997,-0.0581809332121997,NA
"EZH2;HSP90AA1",-0.0389279164386387,-0.0389279164386387,NA
"EZH2;HSP90B1",-0.0686878913371919,-0.0686878913371919,NA
"EZH2;IGF1R",-0.0117049293754007,-0.0117049293754007,NA
"EZH2;IGFBP5",-0.113080735782441,-0.113080735782441,NA
"EZH2;INSR",-0.0638560665054365,-0.0638560665054365,NA
"EZH2;IRS1",-0.0909525347799473,-0.0909525347799473,NA
"EZH2;JUN",-0.0931104009789091,-0.0931104009789091,NA
"EZH2;LIMK1",-0.0387782313650281,-0.0387782313650281,NA
"EZH2;MAP2K1",-0.0587810417490419,-0.0587810417490418,NA
"EZH2;MAP3K1",-0.0386961848480079,-0.0386961848480079,NA
"EZH2;MAPK1",0.00794688212754335,0.00794688212754333,NA
"EZH2;MAPK13",-0.0312445396117178,-0.0312445396117178,NA
"EZH2;MAPK3",-0.0849397571196163,-0.0849397571196163,NA
"EZH2;MAPK8",-0.051092107801358,-0.0510921078013581,NA
"EZH2;MTOR",-0.0144474449762955,NA,0.0144474449762955
"EZH2;MYC",-0.0545175244017165,-0.0545175244017165,NA
"EZH2;NRAS",-0.0292857322121384,-0.0292857322121384,NA
"EZH2;NXF2",-0.0950380803240953,-0.0950380803240953,NA
"EZH2;NXF2B",-0.122204069548016,-0.122204069548016,NA
"EZH2;PARP1",-0.0191230761982173,-0.0191230761982173,NA
"EZH2;PIK3CA",-0.0467401742534589,-0.0467401742534589,NA
"EZH2;PLD1",-0.101743811995313,-0.101743811995313,NA
"EZH2;PLK1",-0.116342385778146,NA,0.0489370017754716
"EZH2;POLD1",-0.0562735343403122,-0.0562735343403122,NA
"EZH2;PSMB2",-0.0578508890160506,NA,0.0565908233361717
"EZH2;PSMB5",-0.046806438749931,NA,0.046806438749931
"EZH2;RHEB",-0.0613901868347295,-0.0613901868347295,NA
"EZH2;TGFBR2",-0.0452478493534912,-0.0452478493534912,NA
"EZH2;TOP2A",-0.0812178858997633,-0.0812178858997634,NA
"EZH2;TRIB2",-0.074815434537007,-0.074815434537007,NA
"EZH2;TRIM25",-0.0189940886602125,-0.0189940886602125,NA
"EZH2;ULK1",-0.0387943563375266,-0.0387943563375266,NA
"EZH2;UPF2",-0.0918337785441141,-0.0918337785441142,NA
"EZH2;UPF3A",-0.0226266928673068,-0.0226266928673068,NA
"EZH2;WNT5A",-0.053215949990871,-0.053215949990871,NA
"GART;GRB2",-0.0303240473198053,-0.0303240473198053,NA
"GART;HDAC1",-0.0959927028261152,-0.0959927028261152,NA
"GART;HPRT1",0.0109692981690264,0.0109692981690264,NA
"GART;HSP90AA1",0.0755646267086067,0.0755646267086066,NA
"GART;HSP90B1",0.00849381894197021,0.0084938189419702,NA
"GART;IGF1R",-0.00493453150798323,-0.00493453150798322,NA
"GART;IGFBP5",-0.0865590860783529,-0.0865590860783529,NA
"GART;INSR",-0.0933804511269152,-0.0933804511269152,NA
"GART;IRS1",-0.073717566502784,-0.073717566502784,NA
"GART;JUN",-0.0844209431846364,-0.0844209431846363,NA
"GART;LIMK1",-0.0740485284392478,-0.0740485284392478,NA
"GART;MAP2K1",0.0457053751293027,0.0457053751293027,NA
"GART;MAP3K1",0.0559109416357336,0.0559109416357336,NA
"GART;MAPK1",-0.0217530911444156,-0.0217530911444156,NA
"GART;MAPK13",-0.0139265123388999,-0.0139265123388998,NA
"GART;MAPK3",0.0783580636581974,0.0783580636581974,NA
"GART;MAPK8",-0.0525036117126886,-0.0525036117126886,NA
"GART;MTOR",-0.044343946919753,NA,-0.0281146737025355
"GART;MYC",0.0311194827562928,0.0311194827562928,NA
"GART;NRAS",0.0136628040553387,0.0136628040553387,NA
"GART;NXF2",-0.114881245176987,-0.114881245176987,NA
"GART;NXF2B",-0.0821938956685342,-0.0821938956685342,NA
"GART;PARP1",0.00383150400250432,0.0038315040025043,NA
"GART;PIK3CA",0.0127405178857947,0.0127405178857947,NA
"GART;PLD1",-0.142221733967932,-0.142221733967932,NA
"GART;PLK1",-0.144128813655755,NA,-0.00244425839934037
"GART;POLD1",-0.0357447611643944,-0.0357447611643944,NA
"GART;PSMB2",-0.0681993469265131,NA,-0.0122284068057862
"GART;PSMB5",-0.00861552247728312,NA,0.00161726447192545
"GART;RHEB",-0.0205710165647482,-0.0205710165647482,NA
"GART;TGFBR2",-0.0681281034297912,-0.0681281034297912,NA
"GART;TOP2A",-0.0015679626364643,-0.00156796263646432,NA
"GART;TRIB2",-0.0895052783066794,-0.0895052783066794,NA
"GART;TRIM25",-0.0923832335224186,-0.0923832335224186,NA
"GART;ULK1",0.00556840045169929,0.00556840045169932,NA
"GART;UPF2",-0.0099888881612672,-0.00998888816126722,NA
"GART;UPF3A",-0.0159814747505658,-0.0159814747505658,NA
"GART;WNT5A",-0.0557828690807253,-0.0557828690807253,NA
"GRB2;HDAC1",-0.0569062331136548,-0.0569062331136548,NA
"GRB2;HPRT1",-0.0239051580289932,-0.0239051580289932,NA
"GRB2;HSP90AA1",0.0197085942536077,0.0197085942536077,NA
"GRB2;HSP90B1",-0.009748009112406,-0.00974800911240601,NA
"GRB2;IGF1R",0.0717247052356082,0.0717247052356082,NA
"GRB2;IGFBP5",-0.0771843963819694,-0.0771843963819694,NA
"GRB2;INSR",-0.0373085596498325,-0.0373085596498325,NA
"GRB2;IRS1",-0.0932102134444044,-0.0932102134444044,NA
"GRB2;JUN",-0.134234609146803,-0.134234609146804,NA
"GRB2;LIMK1",-0.0517436591680442,-0.0517436591680442,NA
"GRB2;MAP2K1",0.0126342755046655,0.0126342755046655,NA
"GRB2;MAP3K1",-0.0618629744083991,-0.0618629744083991,NA
"GRB2;MAPK1",-0.00108099444304244,-0.00108099444304244,NA
"GRB2;MAPK13",-0.0321539183741316,-0.0321539183741316,NA
"GRB2;MAPK3",0.0203145373923036,0.0203145373923036,NA
"GRB2;MAPK8",-0.0898588442025026,-0.0898588442025026,NA
"GRB2;MTOR",-0.0121713561140017,NA,-0.0429605617542213
"GRB2;MYC",-0.00430319683770805,-0.00430319683770805,NA
"GRB2;NRAS",0.0503940360934428,0.0503940360934428,NA
"GRB2;NXF2",-0.0654099928903295,-0.0654099928903295,NA
"GRB2;NXF2B",-0.0863159865669927,-0.0863159865669927,NA
"GRB2;PARP1",-0.0079669208960331,-0.00796692089603308,NA
"GRB2;PIK3CA",0.00060964665479224,0.000609646654792267,NA
"GRB2;PLD1",-0.0753474695941161,-0.0753474695941161,NA
"GRB2;PLK1",-0.0812364793026136,NA,-0.0480098899984157
"GRB2;POLD1",-0.0370893287172163,-0.0370893287172162,NA
"GRB2;PSMB2",-0.0208787368344562,NA,-0.0422223141437775
"GRB2;PSMB5",0.0478414472800721,NA,-0.0478414472800721
"GRB2;RHEB",-0.0262037174295484,-0.0262037174295484,NA
"GRB2;TGFBR2",-0.058417244002348,-0.058417244002348,NA
"GRB2;TOP2A",0.00929153595848178,0.0092915359584818,NA
"GRB2;TRIB2",-0.0949977429075214,-0.0949977429075214,NA
"GRB2;TRIM25",-0.0333600981421324,-0.0333600981421325,NA
"GRB2;ULK1",0.0176360468769791,0.0176360468769791,NA
"GRB2;UPF2",-0.0369256633944047,-0.0369256633944046,NA
"GRB2;UPF3A",-0.00180743499569075,-0.00180743499569075,NA
"GRB2;WNT5A",-0.0157842914906124,-0.0157842914906125,NA
"HDAC1;HPRT1",-0.127221352808123,-0.127221352808123,NA
"HDAC1;HSP90AA1",-0.0724099829470542,-0.0724099829470542,NA
"HDAC1;HSP90B1",-0.0762137055046573,-0.0762137055046573,NA
"HDAC1;IGF1R",-0.0230140377602132,-0.0230140377602132,NA
"HDAC1;IGFBP5",-0.0637684124213812,-0.0637684124213812,NA
"HDAC1;INSR",-0.103158699386106,-0.103158699386106,NA
"HDAC1;IRS1",-0.0226823758291179,-0.0226823758291179,NA
"HDAC1;JUN",-0.0821601482222304,-0.0821601482222304,NA
"HDAC1;LIMK1",0.00374150130170564,0.00374150130170564,NA
"HDAC1;MAP2K1",-0.0253514254859346,-0.0253514254859346,NA
"HDAC1;MAP3K1",-0.0907688134604821,-0.0907688134604821,NA
"HDAC1;MAPK1",-0.0549746724065773,-0.0549746724065773,NA
"HDAC1;MAPK13",-0.0391820519484626,-0.0391820519484626,NA
"HDAC1;MAPK3",-0.040968867579399,-0.040968867579399,NA
"HDAC1;MAPK8",-0.0723002391593864,-0.0723002391593864,NA
"HDAC1;MTOR",0.0264032223468436,NA,-0.0264032223468436
"HDAC1;MYC",-0.0400656095862758,-0.0400656095862757,NA
"HDAC1;NRAS",-0.0708047928260913,-0.0708047928260913,NA
"HDAC1;NXF2",-0.0880888871209636,-0.0880888871209636,NA
"HDAC1;NXF2B",-0.0563044048541687,-0.0563044048541687,NA
"HDAC1;PARP1",-0.0561437926771022,-0.0561437926771021,NA
"HDAC1;PIK3CA",-0.0573802882547335,-0.0573802882547335,NA
"HDAC1;PLD1",-0.0998245878605603,-0.0998245878605604,NA
"HDAC1;PLK1",-0.0697915971391104,NA,0.0636399982806291
"HDAC1;POLD1",-0.0842860992464291,-0.0842860992464291,NA
"HDAC1;PSMB2",0.0257386954198919,NA,-0.0257386954198919
"HDAC1;PSMB5",0.00270348592055825,NA,-0.00270348592055825
"HDAC1;RHEB",-0.112864556330003,-0.112864556330003,NA
"HDAC1;TGFBR2",-0.101540081270227,-0.101540081270227,NA
"HDAC1;TOP2A",-0.0861593715960275,-0.0861593715960275,NA
"HDAC1;TRIB2",-0.0988081451792868,-0.0988081451792868,NA
"HDAC1;TRIM25",-0.054816501013719,-0.054816501013719,NA
"HDAC1;ULK1",-0.0902538697225059,-0.0902538697225059,NA
"HDAC1;UPF2",-0.105437376946309,-0.105437376946309,NA
"HDAC1;UPF3A",-0.127236362748068,-0.127236362748068,NA
"HDAC1;WNT5A",-0.095428137237988,-0.095428137237988,NA
"HPRT1;HSP90AA1",0.00685946142290431,0.00685946142290431,NA
"HPRT1;HSP90B1",-0.0805900764582589,-0.0805900764582589,NA
"HPRT1;IGF1R",0.0884011857572285,0.0884011857572285,NA
"HPRT1;IGFBP5",-0.0575987654228913,-0.0575987654228913,NA
"HPRT1;INSR",-0.0900730725015266,-0.0900730725015266,NA
"HPRT1;IRS1",-0.167710897537457,-0.167710897537457,NA
"HPRT1;JUN",-0.135646056652815,-0.135646056652815,NA
"HPRT1;LIMK1",-0.0599298633755638,-0.0599298633755638,NA
"HPRT1;MAP2K1",0.0304468884918514,0.0304468884918514,NA
"HPRT1;MAP3K1",-0.00969452342178495,-0.00969452342178495,NA
"HPRT1;MAPK1",-0.0755951545670283,-0.0755951545670283,NA
"HPRT1;MAPK13",-0.065392333897475,-0.065392333897475,NA
"HPRT1;MAPK3",0.0515587904976597,0.0515587904976597,NA
"HPRT1;MAPK8",-0.0622264544455305,-0.0622264544455305,NA
"HPRT1;MTOR",0.0413902506682279,NA,-0.0863070201623475
"HPRT1;MYC",0.00208094698798642,0.00208094698798642,NA
"HPRT1;NRAS",0.0511897327491291,0.0511897327491291,NA
"HPRT1;NXF2",-0.0912104934007896,-0.0912104934007896,NA
"HPRT1;NXF2B",-0.125444256174498,-0.125444256174498,NA
"HPRT1;PARP1",0.0008693387450808,0.000869338745080786,NA
"HPRT1;PIK3CA",-0.000522024864448245,-0.000522024864448245,NA
"HPRT1;PLD1",-0.160768374928213,-0.160768374928213,NA
"HPRT1;PLK1",-0.082221128908851,NA,-0.036810092018075
"HPRT1;POLD1",-0.0405175793828073,-0.0405175793828073,NA
"HPRT1;PSMB2",-0.107100978160805,NA,0.0542150755566746
"HPRT1;PSMB5",0.0040060266704493,NA,-0.0040060266704493
"HPRT1;RHEB",-0.0693666324287975,-0.0693666324287975,NA
"HPRT1;TGFBR2",-0.0815832407428642,-0.0815832407428642,NA
"HPRT1;TOP2A",-0.0214623438673257,-0.0214623438673257,NA
"HPRT1;TRIB2",-0.110151855277664,-0.110151855277664,NA
"HPRT1;TRIM25",-0.0642225615307658,-0.0642225615307659,NA
"HPRT1;ULK1",0.0116897077420628,0.0116897077420628,NA
"HPRT1;UPF2",-0.0446583874764497,-0.0446583874764497,NA
"HPRT1;UPF3A",-0.0118293399790298,-0.0118293399790298,NA
"HPRT1;WNT5A",-0.0259381331529978,-0.0259381331529978,NA
"HSP90AA1;HSP90B1",-0.000495273576472055,-0.000495273576472062,NA
"HSP90AA1;IGF1R",0.0338651723729498,0.0338651723729498,NA
"HSP90AA1;IGFBP5",-0.0991698582728506,-0.0991698582728506,NA
"HSP90AA1;INSR",-0.0594877591803399,-0.0594877591803399,NA
"HSP90AA1;IRS1",-0.0773604818703606,-0.0773604818703606,NA
"HSP90AA1;JUN",-0.0453557258323848,-0.0453557258323848,NA
"HSP90AA1;LIMK1",-0.021741015853449,-0.021741015853449,NA
"HSP90AA1;MAP2K1",0.0742449715117775,0.0742449715117775,NA
"HSP90AA1;MAP3K1",0.0158471625496798,0.0158471625496798,NA
"HSP90AA1;MAPK1",-0.00585509918532678,-0.00585509918532678,NA
"HSP90AA1;MAPK13",-0.010901808485564,-0.0109018084855641,NA
"HSP90AA1;MAPK3",0.011865843666289,0.011865843666289,NA
"HSP90AA1;MAPK8",-0.0662142085270423,-0.0662142085270424,NA
"HSP90AA1;MTOR",0.00559212837986361,NA,-0.0935776666934499
"HSP90AA1;MYC",0.00333442702226547,0.00333442702226547,NA
"HSP90AA1;NRAS",0.0325679555067269,0.0325679555067269,NA
"HSP90AA1;NXF2",-0.0726900542298365,-0.0726900542298365,NA
"HSP90AA1;NXF2B",-0.0719375534901859,-0.0719375534901859,NA
"HSP90AA1;PARP1",-0.0102158365423019,-0.0102158365423019,NA
"HSP90AA1;PIK3CA",0.0444488465953017,0.0444488465953017,NA
"HSP90AA1;PLD1",-0.0793371761629104,-0.0793371761629104,NA
"HSP90AA1;PLK1",-0.152029991240636,NA,-0.0100699985057562
"HSP90AA1;POLD1",-0.0337539376978278,-0.0337539376978278,NA
"HSP90AA1;PSMB2",-0.05098134841666,NA,-0.0449733230069371
"HSP90AA1;PSMB5",0.0161489700612943,NA,-0.0386741457579497
"HSP90AA1;RHEB",-0.0377568292624736,-0.0377568292624735,NA
"HSP90AA1;TGFBR2",-0.0129581473295128,-0.0129581473295128,NA
"HSP90AA1;TOP2A",0.0138863864950315,0.0138863864950315,NA
"HSP90AA1;TRIB2",-0.0563715277854881,-0.0563715277854882,NA
"HSP90AA1;TRIM25",-0.0294218265554911,-0.0294218265554911,NA
"HSP90AA1;ULK1",0.0835237603061772,0.0835237603061772,NA
"HSP90AA1;UPF2",0.102077782045688,0.102077782045688,NA
"HSP90AA1;UPF3A",0.064681673239427,0.064681673239427,NA
"HSP90AA1;WNT5A",-0.0233713209333407,-0.0233713209333406,NA
"HSP90B1;IGF1R",0.143721038894215,0.143721038894215,NA
"HSP90B1;IGFBP5",-0.0540975865700891,-0.0540975865700891,NA
"HSP90B1;INSR",-0.0444377209459187,-0.0444377209459187,NA
"HSP90B1;IRS1",-0.0973434455580774,-0.0973434455580774,NA
"HSP90B1;JUN",-0.045307412668134,-0.045307412668134,NA
"HSP90B1;LIMK1",-0.00289205441260532,-0.00289205441260532,NA
"HSP90B1;MAP2K1",0.0129968815736054,0.0129968815736054,NA
"HSP90B1;MAP3K1",0.0417424161688134,0.0417424161688134,NA
"HSP90B1;MAPK1",0.0277529496318745,0.0277529496318745,NA
"HSP90B1;MAPK13",-0.0359060533416313,-0.0359060533416313,NA
"HSP90B1;MAPK3",-0.0148348224263139,-0.0148348224263139,NA
"HSP90B1;MAPK8",-0.0940197251960301,-0.0940197251960301,NA
"HSP90B1;MTOR",-0.0462956746933851,NA,-0.121013429161365
"HSP90B1;MYC",0.0798922438313514,0.101364319067169,NA
"HSP90B1;NRAS",0.0485714199236897,0.0485714199236897,NA
"HSP90B1;NXF2",-0.173373338562668,-0.173373338562668,NA
"HSP90B1;NXF2B",-0.0866578421834472,-0.0866578421834472,NA
"HSP90B1;PARP1",0.0587413331797809,0.0587413331797809,NA
"HSP90B1;PIK3CA",0.0982939080770868,0.0982939080770868,NA
"HSP90B1;PLD1",-0.136950974180317,-0.136950974180317,NA
"HSP90B1;PLK1",-0.207535815576645,NA,-0.0338877397109114
"HSP90B1;POLD1",-0.0320379555404982,-0.0320379555404982,NA
"HSP90B1;PSMB2",-0.0992873116885465,NA,-0.0759909252762139
"HSP90B1;PSMB5",-0.00609914874304723,NA,-0.0957495924947715
"HSP90B1;RHEB",-0.0213824313702019,-0.0213824313702019,NA
"HSP90B1;TGFBR2",-0.07668470172813,-0.07668470172813,NA
"HSP90B1;TOP2A",0.0475064048297995,0.0475064048297995,NA
"HSP90B1;TRIB2",-0.0668552164768197,-0.0668552164768197,NA
"HSP90B1;TRIM25",-0.0671507709307188,-0.0671507709307188,NA
"HSP90B1;ULK1",0.0521442162665628,0.0521442162665628,NA
"HSP90B1;UPF2",0.0212505613778018,0.0212505613778018,NA
"HSP90B1;UPF3A",0.026197058975302,0.026197058975302,NA
"HSP90B1;WNT5A",-0.0415880933315884,-0.0415880933315884,NA
"IGF1R;IGFBP5",-0.0466925998922185,-0.0466925998922185,NA
"IGF1R;INSR",-0.0302354316255305,-0.0302354316255305,NA
"IGF1R;IRS1",-0.0375643439574728,-0.0375643439574728,NA
"IGF1R;JUN",-0.0716993751026723,-0.0716993751026723,NA
"IGF1R;LIMK1",0.0577364755698842,0.0577364755698842,NA
"IGF1R;MAP2K1",0.10185634391532,0.10185634391532,NA
"IGF1R;MAP3K1",0.0422431231985602,0.0422431231985602,NA
"IGF1R;MAPK1",0.0400096842451207,0.0400096842451207,NA
"IGF1R;MAPK13",0.0284666369532824,0.0284666369532824,NA
"IGF1R;MAPK3",0.066468500202877,0.066468500202877,NA
"IGF1R;MAPK8",-0.0231814739638323,-0.0231814739638323,NA
"IGF1R;MTOR",0.0819578878750832,NA,-0.320642308944478
"IGF1R;MYC",0.100613984988271,0.193461377438734,NA
"IGF1R;NRAS",0.0407629890704032,0.0407629890704032,NA
"IGF1R;NXF2",-0.0395982483716707,-0.0395982483716707,NA
"IGF1R;NXF2B",-0.0747476427254214,-0.0747476427254214,NA
"IGF1R;PARP1",0.122986576458452,0.122986576458452,NA
"IGF1R;PIK3CA",0.181940601501715,0.181940601501715,NA
"IGF1R;PLD1",-0.0398887776199654,-0.0398887776199654,NA
"IGF1R;PLK1",-0.0766540630038797,NA,-0.236144809498321
"IGF1R;POLD1",-0.0115316363007433,-0.0115316363007433,NA
"IGF1R;PSMB2",-0.087871320831666,NA,-0.15878223334774
"IGF1R;PSMB5",0.0475658425878872,NA,-0.220789901040351
"IGF1R;RHEB",-0.0169244140821672,-0.0169244140821672,NA
"IGF1R;TGFBR2",-0.026770297384862,-0.026770297384862,NA
"IGF1R;TOP2A",0.139974440930107,0.178255135592668,NA
"IGF1R;TRIB2",-0.0833876396783154,-0.0833876396783154,NA
"IGF1R;TRIM25",0.00152641619294416,0.00152641619294414,NA
"IGF1R;ULK1",0.0794746044095953,0.0794746044095953,NA
"IGF1R;UPF2",0.0670849328122887,0.0670849328122887,NA
"IGF1R;UPF3A",0.0144151426888139,0.0144151426888139,NA
"IGF1R;WNT5A",-0.000124341588216198,-0.000124341588216198,NA
"IGFBP5;INSR",-0.0992411995896858,-0.0992411995896858,NA
"IGFBP5;IRS1",-0.0736031195867692,-0.0736031195867692,NA
"IGFBP5;JUN",-0.0936612461419862,-0.0936612461419862,NA
"IGFBP5;LIMK1",-0.0501683278778543,-0.0501683278778544,NA
"IGFBP5;MAP2K1",-0.0402464182783037,-0.0402464182783037,NA
"IGFBP5;MAP3K1",-0.057145706789732,-0.057145706789732,NA
"IGFBP5;MAPK1",-0.033465931302282,-0.033465931302282,NA
"IGFBP5;MAPK13",-0.0536586314312482,-0.0536586314312482,NA
"IGFBP5;MAPK3",-0.0392434365524534,-0.0392434365524534,NA
"IGFBP5;MAPK8",-0.030289062782875,-0.030289062782875,NA
"IGFBP5;MTOR",0.00124048434597795,NA,-0.00124048434597795
"IGFBP5;MYC",-0.0773953664450284,-0.0773953664450284,NA
"IGFBP5;NRAS",-0.0189322884365904,-0.0189322884365904,NA
"IGFBP5;NXF2",-0.119142107706322,-0.119142107706322,NA
"IGFBP5;NXF2B",-0.100129158927393,-0.100129158927393,NA
"IGFBP5;PARP1",-0.0457145051555058,-0.0457145051555057,NA
"IGFBP5;PIK3CA",-0.0502110389913403,-0.0502110389913403,NA
"IGFBP5;PLD1",-0.0642427001248299,-0.0642427001248299,NA
"IGFBP5;PLK1",-0.0623549616762664,NA,0.0187368501883471
"IGFBP5;POLD1",-0.117693768136153,-0.117693768136153,NA
"IGFBP5;PSMB2",-0.0533649045635573,NA,0.0533649045635573
"IGFBP5;PSMB5",0.0259410443054113,NA,-0.0259410443054113
"IGFBP5;RHEB",-0.101171075083064,-0.101171075083064,NA
"IGFBP5;TGFBR2",-0.0295830545388528,-0.0295830545388529,NA
"IGFBP5;TOP2A",-0.0890166044985908,-0.0890166044985908,NA
"IGFBP5;TRIB2",-0.0928300485624042,-0.0928300485624042,NA
"IGFBP5;TRIM25",-0.130553987255049,-0.130553987255049,NA
"IGFBP5;ULK1",-0.091676824103513,-0.091676824103513,NA
"IGFBP5;UPF2",-0.0792356338450829,-0.0792356338450829,NA
"IGFBP5;UPF3A",-0.0955576337819298,-0.0955576337819298,NA
"IGFBP5;WNT5A",-0.0853081174792305,-0.0853081174792305,NA
"INSR;IRS1",-0.102019763604016,-0.102019763604016,NA
"INSR;JUN",-0.117104183943941,-0.117104183943941,NA
"INSR;LIMK1",-0.020208815014697,-0.020208815014697,NA
"INSR;MAP2K1",-0.0126411631608707,-0.0126411631608707,NA
"INSR;MAP3K1",-0.070708290858503,-0.070708290858503,NA
"INSR;MAPK1",-0.0595701943182538,-0.0595701943182539,NA
"INSR;MAPK13",-0.0183931856398246,-0.0183931856398246,NA
"INSR;MAPK3",-0.0488774586860756,-0.0488774586860757,NA
"INSR;MAPK8",-0.104704605039893,-0.104704605039893,NA
"INSR;MTOR",0.0179328940017145,NA,-0.0179328940017145
"INSR;MYC",-0.0489014756053481,-0.0489014756053481,NA
"INSR;NRAS",-0.0517810499598577,-0.0517810499598577,NA
"INSR;NXF2",-0.0872837425193919,-0.0872837425193919,NA
"INSR;NXF2B",-0.0967533507189773,-0.0967533507189773,NA
"INSR;PARP1",-0.0769645381956636,-0.0769645381956636,NA
"INSR;PIK3CA",-0.0451506574656977,-0.0451506574656977,NA
"INSR;PLD1",-0.116298374290585,-0.116298374290585,NA
"INSR;PLK1",-0.0258263328175719,NA,-0.0411027882907924
"INSR;POLD1",-0.111569248164965,-0.111569248164965,NA
"INSR;PSMB2",-0.0363141026129029,NA,0.0355302998273342
"INSR;PSMB5",-0.00514939680645987,NA,0.00514939680645987
"INSR;RHEB",-0.0709728712788196,-0.0709728712788196,NA
"INSR;TGFBR2",-0.0964966497208872,-0.0964966497208872,NA
"INSR;TOP2A",-0.0503298459503997,-0.0503298459503997,NA
"INSR;TRIB2",-0.0928751464412693,-0.0928751464412693,NA
"INSR;TRIM25",-0.0282589138993644,-0.0282589138993643,NA
"INSR;ULK1",-0.0603452353128752,-0.0603452353128751,NA
"INSR;UPF2",-0.112458044252525,-0.112458044252525,NA
"INSR;UPF3A",-0.0601446727374977,-0.0601446727374977,NA
"INSR;WNT5A",-0.0733965853002556,-0.0733965853002556,NA
"IRS1;JUN",-0.0689532272038406,-0.0689532272038407,NA
"IRS1;LIMK1",-0.0322335524630296,-0.0322335524630296,NA
"IRS1;MAP2K1",-0.0472290391169843,-0.0472290391169842,NA
"IRS1;MAP3K1",-0.0378938596201057,-0.0378938596201057,NA
"IRS1;MAPK1",-0.0686000411948949,-0.0686000411948948,NA
"IRS1;MAPK13",-0.0337409383640266,-0.0337409383640267,NA
"IRS1;MAPK3",-0.086596818070949,-0.086596818070949,NA
"IRS1;MAPK8",-0.0422567599383054,-0.0422567599383054,NA
"IRS1;MTOR",0.0492074044977779,NA,-0.0492074044977779
"IRS1;MYC",-0.0499050833365774,-0.0499050833365774,NA
"IRS1;NRAS",-0.0313775274669991,-0.0313775274669991,NA
"IRS1;NXF2",-0.115000225782776,-0.115000225782776,NA
"IRS1;NXF2B",-0.0826395928202222,-0.0826395928202222,NA
"IRS1;PARP1",-0.0379784555155168,-0.0379784555155168,NA
"IRS1;PIK3CA",-0.0652462557245655,-0.0652462557245655,NA
"IRS1;PLD1",-0.0906056704435193,-0.0906056704435192,NA
"IRS1;PLK1",0.0302182315498506,NA,-0.040307790849037
"IRS1;POLD1",-0.131227671870799,-0.131227671870799,NA
"IRS1;PSMB2",0.00147466082973913,NA,-0.00147466082973913
"IRS1;PSMB5",-0.0232927517317282,NA,0.0232927517317282
"IRS1;RHEB",-0.0761287384239907,-0.0761287384239908,NA
"IRS1;TGFBR2",-0.110957125397316,-0.110957125397316,NA
"IRS1;TOP2A",-0.0155232196578112,-0.0155232196578112,NA
"IRS1;TRIB2",-0.0680298380744988,-0.0680298380744988,NA
"IRS1;TRIM25",-0.0441117961068834,-0.0441117961068834,NA
"IRS1;ULK1",-0.127824140966368,-0.127824140966368,NA
"IRS1;UPF2",-0.110164721764362,-0.110164721764362,NA
"IRS1;UPF3A",-0.116302243451592,-0.116302243451592,NA
"IRS1;WNT5A",-0.0791961259160825,-0.0791961259160825,NA
"JUN;LIMK1",-0.0391652155458303,-0.0391652155458303,NA
"JUN;MAP2K1",-0.0863150910330578,-0.0863150910330578,NA
"JUN;MAP3K1",-0.0814789063981675,-0.0814789063981675,NA
"JUN;MAPK1",-0.107472208956024,-0.107472208956024,NA
"JUN;MAPK13",-0.112789373952742,-0.112789373952742,NA
"JUN;MAPK3",-0.0848583644551084,-0.0848583644551084,NA
"JUN;MAPK8",-0.115142957897338,-0.115142957897338,NA
"JUN;MTOR",0.0133650845828394,NA,-0.0133650845828394
"JUN;MYC",-0.090158373181601,-0.090158373181601,NA
"JUN;NRAS",-0.0971740887655775,-0.0971740887655775,NA
"JUN;NXF2",-0.129976062592844,-0.129976062592844,NA
"JUN;NXF2B",-0.0594677099674956,-0.0594677099674956,NA
"JUN;PARP1",-0.0918419304153395,-0.0918419304153395,NA
"JUN;PIK3CA",-0.0760925328327361,-0.0760925328327361,NA
"JUN;PLD1",-0.0697862694494348,-0.0697862694494347,NA
"JUN;PLK1",-0.00220056468765617,NA,-0.012001382630509
"JUN;POLD1",-0.13174839565003,-0.13174839565003,NA
"JUN;PSMB2",-0.0289396376587542,NA,0.0289396376587542
"JUN;PSMB5",-0.0643181247725607,NA,0.0643181247725607
"JUN;RHEB",-0.133787783644463,-0.133787783644463,NA
"JUN;TGFBR2",-0.114567661893521,-0.114567661893521,NA
"JUN;TOP2A",-0.109692269004864,-0.109692269004864,NA
"JUN;TRIB2",-0.0948428311572719,-0.0948428311572719,NA
"JUN;TRIM25",-0.0966922598581472,-0.0966922598581472,NA
"JUN;ULK1",-0.117730260277823,-0.117730260277823,NA
"JUN;UPF2",-0.0815522666839802,-0.0815522666839802,NA
"JUN;UPF3A",-0.128819678406236,-0.128819678406236,NA
"JUN;WNT5A",-0.122178740155619,-0.122178740155619,NA
"LIMK1;MAP2K1",0.0351772958827765,0.0351772958827765,NA
"LIMK1;MAP3K1",-0.0256515200998668,-0.0256515200998668,NA
"LIMK1;MAPK1",-0.0195696061087454,-0.0195696061087455,NA
"LIMK1;MAPK13",0.00136390879997816,0.00136390879997819,NA
"LIMK1;MAPK3",-0.0499570483285086,-0.0499570483285086,NA
"LIMK1;MAPK8",-0.0270468770190617,-0.0270468770190617,NA
"LIMK1;MTOR",0.107496227445569,NA,-0.107496227445569
"LIMK1;MYC",-0.0127540651116917,-0.0127540651116917,NA
"LIMK1;NRAS",0.00785232616010684,0.00785232616010684,NA
"LIMK1;NXF2",-0.0235301558047912,-0.0235301558047912,NA
"LIMK1;NXF2B",-0.0380343450845722,-0.0380343450845722,NA
"LIMK1;PARP1",0.0200930201575156,0.0200930201575156,NA
"LIMK1;PIK3CA",0.0404517237373976,0.0404517237373976,NA
"LIMK1;PLD1",-0.0192999948689886,-0.0192999948689885,NA
"LIMK1;PLK1",0.00296297207815055,NA,-0.0404961486840503
"LIMK1;POLD1",-0.0564066612244955,-0.0564066612244955,NA
"LIMK1;PSMB2",0.00255409106687599,NA,-0.00255409106687599
"LIMK1;PSMB5",0.0933313048405146,NA,-0.0933313048405145
"LIMK1;RHEB",-0.0487249156204488,-0.0487249156204488,NA
"LIMK1;TGFBR2",-0.0421643832929449,-0.0421643832929449,NA
"LIMK1;TOP2A",-0.0211503655266631,-0.0211503655266631,NA
"LIMK1;TRIB2",-0.0139631929030655,-0.0139631929030655,NA
"LIMK1;TRIM25",-0.0644594232921632,-0.0644594232921631,NA
"LIMK1;ULK1",-0.01618967284018,-0.01618967284018,NA
"LIMK1;UPF2",-0.0808877525240811,-0.0808877525240811,NA
"LIMK1;UPF3A",-0.0514145170929014,-0.0514145170929015,NA
"LIMK1;WNT5A",0.00673807817305822,0.00673807817305824,NA
"MAP2K1;MAP3K1",0.0580269742580364,0.0580269742580364,NA
"MAP2K1;MAPK1",0.0540393221786709,0.0540393221786709,NA
"MAP2K1;MAPK13",-0.0146815158060326,-0.0146815158060325,NA
"MAP2K1;MAPK3",0.0761444162357081,0.0761444162357081,NA
"MAP2K1;MAPK8",-0.0297834523410037,-0.0297834523410037,NA
"MAP2K1;MTOR",0.0713756323546763,NA,-0.137324681564813
"MAP2K1;MYC",0.0702181231881365,0.0702181231881365,NA
"MAP2K1;NRAS",0.0722043565699666,0.0722043565699665,NA
"MAP2K1;NXF2",-0.0833631931516316,-0.0833631931516316,NA
"MAP2K1;NXF2B",-0.0799000472033571,-0.0799000472033571,NA
"MAP2K1;PARP1",0.068178365973053,0.068178365973053,NA
"MAP2K1;PIK3CA",0.221938462760385,0.221938462760385,NA
"MAP2K1;PLD1",-0.0492194176006609,-0.0492194176006608,NA
"MAP2K1;PLK1",-0.0225238141790524,NA,-0.117539686463891
"MAP2K1;POLD1",-0.0150166862443241,-0.0150166862443241,NA
"MAP2K1;PSMB2",-0.0237642828979211,NA,-0.0501538994222267
"MAP2K1;PSMB5",0.0953047911660857,NA,-0.0957934777592919
"MAP2K1;RHEB",-0.0190703847975529,-0.0190703847975529,NA
"MAP2K1;TGFBR2",-0.0148507570983525,-0.0148507570983525,NA
"MAP2K1;TOP2A",0.0380511413226358,0.0380511413226358,NA
"MAP2K1;TRIB2",-0.0973911198409839,-0.0973911198409839,NA
"MAP2K1;TRIM25",-0.0322244110829174,-0.0322244110829174,NA
"MAP2K1;ULK1",0.020160254308343,0.020160254308343,NA
"MAP2K1;UPF2",0.0190945396905524,0.0190945396905523,NA
"MAP2K1;UPF3A",0.0700071386091757,0.0700071386091757,NA
"MAP2K1;WNT5A",-0.0261382982089922,-0.0261382982089922,NA
"MAP3K1;MAPK1",-0.0210336550013822,-0.0210336550013822,NA
"MAP3K1;MAPK13",-0.0712852014126168,-0.0712852014126168,NA
"MAP3K1;MAPK3",0.03675867212228,0.03675867212228,NA
"MAP3K1;MAPK8",-0.0358368565774174,-0.0358368565774174,NA
"MAP3K1;MTOR",0.0020392030001356,NA,-0.0760671705162584
"MAP3K1;MYC",0.0242186036264455,0.0242186036264455,NA
"MAP3K1;NRAS",0.0945617821183848,0.0945617821183848,NA
"MAP3K1;NXF2",-0.086799135784336,-0.086799135784336,NA
"MAP3K1;NXF2B",-0.0911591945336642,-0.0911591945336643,NA
"MAP3K1;PARP1",0.0172028552620692,0.0172028552620692,NA
"MAP3K1;PIK3CA",0.0667233597284956,0.0667233597284956,NA
"MAP3K1;PLD1",-0.0709598264226729,-0.0709598264226729,NA
"MAP3K1;PLK1",-0.0600473960129093,NA,-0.0880950229360199
"MAP3K1;POLD1",-0.0245403285509237,-0.0245403285509237,NA
"MAP3K1;PSMB2",-0.0637241510053352,NA,-0.0182729496207984
"MAP3K1;PSMB5",0.0616781268335755,NA,-0.0702457317327674
"MAP3K1;RHEB",-0.00344921833447828,-0.00344921833447828,NA
"MAP3K1;TGFBR2",-0.00764895632231105,-0.00764895632231105,NA
"MAP3K1;TOP2A",-0.0203021148163027,-0.0203021148163027,NA
"MAP3K1;TRIB2",-0.0964109218623077,-0.0964109218623077,NA
"MAP3K1;TRIM25",-0.0631663240441832,-0.0631663240441832,NA
"MAP3K1;ULK1",0.0215713257066878,0.0215713257066878,NA
"MAP3K1;UPF2",-0.0195629765934178,-0.0195629765934178,NA
"MAP3K1;UPF3A",0.0264973659939795,0.0264973659939795,NA
"MAP3K1;WNT5A",-0.00904409300451198,-0.00904409300451198,NA
"MAPK1;MAPK13",-0.0344258894386749,-0.0344258894386749,NA
"MAPK1;MAPK3",-0.0133385630786778,-0.0133385630786778,NA
"MAPK1;MAPK8",-0.0704517586311747,-0.0704517586311747,NA
"MAPK1;MTOR",0.104606317727424,NA,-0.10618267318896
"MAPK1;MYC",-0.000986202551023052,-0.000986202551023038,NA
"MAPK1;NRAS",0.00339495683397667,0.00339495683397667,NA
"MAPK1;NXF2",-0.0917325212455931,-0.0917325212455931,NA
"MAPK1;NXF2B",-0.0910044023675045,-0.0910044023675045,NA
"MAPK1;PARP1",0.00967278748704231,0.0096727874870423,NA
"MAPK1;PIK3CA",6.48402139763471e-06,6.48402139760695e-06,NA
"MAPK1;PLD1",-0.0801729712636219,-0.0801729712636219,NA
"MAPK1;PLK1",-0.108276386318061,NA,0.032585579423718
"MAPK1;POLD1",-0.110162496539128,-0.110162496539128,NA
"MAPK1;PSMB2",-0.016821565956559,NA,0.0072760773850119
"MAPK1;PSMB5",-0.00465153414603442,NA,0.00465153414603442
"MAPK1;RHEB",-0.0806678059375655,-0.0806678059375655,NA
"MAPK1;TGFBR2",0.00474156797463557,0.00474156797463557,NA
"MAPK1;TOP2A",-0.0220823256084031,-0.0220823256084031,NA
"MAPK1;TRIB2",-0.0477286355491237,-0.0477286355491237,NA
"MAPK1;TRIM25",-0.0520488817140368,-0.0520488817140368,NA
"MAPK1;ULK1",-0.0416511568003509,-0.0416511568003509,NA
"MAPK1;UPF2",-0.0310860776195748,-0.0310860776195748,NA
"MAPK1;UPF3A",-0.061952167904489,-0.061952167904489,NA
"MAPK1;WNT5A",-0.0303914606553433,-0.0303914606553433,NA
"MAPK13;MAPK3",-0.0238489190749271,-0.0238489190749271,NA
"MAPK13;MAPK8",-0.0505614865680915,-0.0505614865680915,NA
"MAPK13;MTOR",0.0762421552513121,NA,-0.0762421552513122
"MAPK13;MYC",-0.0784421295903441,-0.0784421295903441,NA
"MAPK13;NRAS",-0.0221516846093849,-0.0221516846093849,NA
"MAPK13;NXF2",-0.0581602160035776,-0.0581602160035776,NA
"MAPK13;NXF2B",-0.0767836429732941,-0.0767836429732941,NA
"MAPK13;PARP1",-0.0247149220536286,-0.0247149220536286,NA
"MAPK13;PIK3CA",0.000640043017939268,0.00064004301793924,NA
"MAPK13;PLD1",-0.0583334510396333,-0.0583334510396333,NA
"MAPK13;PLK1",-0.0247175949107079,NA,-0.0341569802829885
"MAPK13;POLD1",-0.116680889524389,-0.116680889524389,NA
"MAPK13;PSMB2",0.0228526910252884,NA,-0.0228526910252884
"MAPK13;PSMB5",-0.0118251039456291,NA,0.0118251039456291
"MAPK13;RHEB",-0.0730583017311393,-0.0730583017311393,NA
"MAPK13;TGFBR2",-0.0669499654233359,-0.0669499654233359,NA
"MAPK13;TOP2A",-0.0021495601801188,-0.00214956018011879,NA
"MAPK13;TRIB2",-0.0857064044713448,-0.0857064044713448,NA
"MAPK13;TRIM25",0.000737882770239257,0.000737882770239257,NA
"MAPK13;ULK1",-0.0460164461495882,-0.0460164461495882,NA
"MAPK13;UPF2",-0.0752283569527417,-0.0752283569527417,NA
"MAPK13;UPF3A",-0.0249059354513373,-0.0249059354513373,NA
"MAPK13;WNT5A",0.0228725331888928,0.0228725331888928,NA
"MAPK3;MAPK8",-0.0856782178060138,-0.0856782178060138,NA
"MAPK3;MTOR",0.0133782637583826,NA,-0.0791000462489949
"MAPK3;MYC",0.0597232291932533,0.0597232291932532,NA
"MAPK3;NRAS",0.0334157950044029,0.0334157950044029,NA
"MAPK3;NXF2",-0.110365541814085,-0.110365541814085,NA
"MAPK3;NXF2B",-0.116916807218041,-0.116916807218041,NA
"MAPK3;PARP1",0.0483849632666854,0.0483849632666854,NA
"MAPK3;PIK3CA",0.0475408523863553,0.0475408523863553,NA
"MAPK3;PLD1",-0.111871337702945,-0.111871337702945,NA
"MAPK3;PLK1",-0.0881427439036423,NA,-0.0516934900197763
"MAPK3;POLD1",-0.0510190198404444,-0.0510190198404444,NA
"MAPK3;PSMB2",-0.0118679440210032,NA,-0.0618229715796199
"MAPK3;PSMB5",0.0266699971871944,NA,-0.0269314170608758
"MAPK3;RHEB",-0.00218333323993902,-0.00218333323993902,NA
"MAPK3;TGFBR2",-0.0630154320967519,-0.0630154320967519,NA
"MAPK3;TOP2A",-0.00595062917284489,-0.0059506291728449,NA
"MAPK3;TRIB2",-0.0967049784720699,-0.0967049784720699,NA
"MAPK3;TRIM25",-0.0202644038983914,-0.0202644038983913,NA
"MAPK3;ULK1",0.00805986442383258,0.00805986442383261,NA
"MAPK3;UPF2",-0.0100639004863393,-0.0100639004863393,NA
"MAPK3;UPF3A",0.0280297988327035,0.0280297988327035,NA
"MAPK3;WNT5A",-0.0369570499159221,-0.0369570499159221,NA
"MAPK8;MTOR",-0.0735452948866166,NA,0.0735452948866166
"MAPK8;MYC",-0.0582328898756782,-0.0582328898756781,NA
"MAPK8;NRAS",-0.0133447515239977,-0.0133447515239977,NA
"MAPK8;NXF2",-0.11788772411747,-0.11788772411747,NA
"MAPK8;NXF2B",-0.0913933199546947,-0.0913933199546947,NA
"MAPK8;PARP1",-0.0798490937875136,-0.0798490937875136,NA
"MAPK8;PIK3CA",-0.0116699658843671,-0.0116699658843671,NA
"MAPK8;PLD1",-0.102534536164112,-0.102534536164112,NA
"MAPK8;PLK1",-0.100794398726328,NA,0.0744399062233401
"MAPK8;POLD1",-0.127120103334975,-0.127120103334975,NA
"MAPK8;PSMB2",-0.0029760346776147,NA,0.0029760346776147
"MAPK8;PSMB5",0.0167003521366153,NA,-0.0167003521366153
"MAPK8;RHEB",-0.0809423059177411,-0.0809423059177411,NA
"MAPK8;TGFBR2",-0.0590929036102846,-0.0590929036102846,NA
"MAPK8;TOP2A",-0.0759029037978308,-0.0759029037978308,NA
"MAPK8;TRIB2",-0.0953719952853929,-0.0953719952853929,NA
"MAPK8;TRIM25",0.0053309954392971,0.0053309954392971,NA
"MAPK8;ULK1",-0.0826888022971343,-0.0826888022971343,NA
"MAPK8;UPF2",-0.0293871798917259,-0.0293871798917259,NA
"MAPK8;UPF3A",-0.0851320629764777,-0.0851320629764777,NA
"MAPK8;WNT5A",-0.0409707580364724,-0.0409707580364724,NA
"MTOR;MYC",-0.0874721297189646,NA,-0.214617827867197
"MTOR;NRAS",0.063168715721702,NA,-0.135846630639171
"MTOR;NXF2",-0.0491245880930652,NA,0.0491245880930652
"MTOR;NXF2B",-0.0334362754336887,NA,0.0334362754336887
"MTOR;PARP1",-0.0336716076002893,NA,-0.0985710024981122
"MTOR;PIK3CA",0.0623227053556736,NA,-0.174494508880046
"MTOR;PLD1",0.0507593652303781,NA,-0.0507593652303782
"MTOR;PLK1",-0.0880463670288218,NA,-0.433995070609078
"MTOR;POLD1",0.00986768912816566,NA,-0.0447090211427997
"MTOR;PSMB2",-0.0976827716870282,NA,-0.358213347628076
"MTOR;PSMB5",-0.0218724871864248,NA,-0.360594136401738
"MTOR;RHEB",-0.0776689171753577,NA,0.030842069911734
"MTOR;TGFBR2",-0.0455190294348952,NA,0.0433745191425369
"MTOR;TOP2A",-0.0197480429083845,NA,-0.227775216889876
"MTOR;TRIB2",0.0298045325972476,NA,-0.0298045325972476
"MTOR;TRIM25",0.0342640931605465,NA,-0.0391345352230268
"MTOR;ULK1",-0.0298402246684268,NA,-0.0862196187805024
"MTOR;UPF2",-0.034136559249613,NA,-0.0597194355617873
"MTOR;UPF3A",0.0577733444515592,NA,-0.141947288928788
"MTOR;WNT5A",0.0767177755355332,NA,-0.0767177755355332
"MYC;NRAS",0.0793815538902338,0.0793815538902338,NA
"MYC;NXF2",-0.109164267455536,-0.109164267455536,NA
"MYC;NXF2B",-0.0718764924291187,-0.0718764924291187,NA
"MYC;PARP1",0.0804654925676853,0.0804654925676853,NA
"MYC;PIK3CA",0.138930940740145,0.138930940740145,NA
"MYC;PLD1",-0.0578356457433734,-0.0578356457433735,NA
"MYC;PLK1",-0.168619361341612,NA,-0.207585047677355
"MYC;POLD1",-0.0244761604517865,-0.0244761604517865,NA
"MYC;PSMB2",-0.161084004702882,NA,-0.14897508599329
"MYC;PSMB5",-0.00702930338681215,NA,-0.229600291582418
"MYC;RHEB",-0.077291483642096,-0.077291483642096,NA
"MYC;TGFBR2",-0.0687560113200177,-0.0687560113200177,NA
"MYC;TOP2A",0.0260467543869041,0.127732985566232,NA
"MYC;TRIB2",-0.0625294163207261,-0.0625294163207261,NA
"MYC;TRIM25",-0.0230117121445412,-0.0230117121445412,NA
"MYC;ULK1",0.0151652060137527,0.0151652060137527,NA
"MYC;UPF2",0.016624242939008,0.016624242939008,NA
"MYC;UPF3A",0.0581678085776652,0.0581678085776652,NA
"MYC;WNT5A",-0.0535137659543885,-0.0535137659543885,NA
"NRAS;NXF2",-0.0827368704953407,-0.0827368704953407,NA
"NRAS;NXF2B",-0.0800532656582818,-0.0800532656582818,NA
"NRAS;PARP1",0.00955357002177973,0.00955357002177974,NA
"NRAS;PIK3CA",0.0755152769636004,0.0755152769636004,NA
"NRAS;PLD1",-0.12235755250002,-0.12235755250002,NA
"NRAS;PLK1",-0.0607921504224418,NA,-0.0860002159278338
"NRAS;POLD1",-0.0467428282125332,-0.0467428282125333,NA
"NRAS;PSMB2",-0.0160550724259067,NA,-0.0645919756015734
"NRAS;PSMB5",0.0993491832065144,NA,-0.106566735507053
"NRAS;RHEB",-0.0231197417479368,-0.0231197417479368,NA
"NRAS;TGFBR2",-0.0470327839832728,-0.0470327839832728,NA
"NRAS;TOP2A",0.0381839789113422,0.0381839789113422,NA
"NRAS;TRIB2",-0.0950311207827231,-0.0950311207827231,NA
"NRAS;TRIM25",-0.0265772555045474,-0.0265772555045474,NA
"NRAS;ULK1",0.0135321326671681,0.0135321326671681,NA
"NRAS;UPF2",0.0218329727493111,0.0218329727493111,NA
"NRAS;UPF3A",0.0858480550880077,0.0858480550880076,NA
"NRAS;WNT5A",-0.0508141682057326,-0.0508141682057326,NA
"NXF2;NXF2B",-0.132205550175117,-0.132205550175117,NA
"NXF2;PARP1",-0.0751312515302279,-0.0751312515302279,NA
"NXF2;PIK3CA",-0.0266143735039764,-0.0266143735039764,NA
"NXF2;PLD1",-0.13330455154211,-0.13330455154211,NA
"NXF2;PLK1",-0.184309631895489,NA,0.124358630681633
"NXF2;POLD1",-0.11129665590434,-0.11129665590434,NA
"NXF2;PSMB2",-0.0679160164112786,NA,0.0679160164112786
"NXF2;PSMB5",-0.0273047310600725,NA,0.0273047310600725
"NXF2;RHEB",-0.0854764005812839,-0.0854764005812839,NA
"NXF2;TGFBR2",-0.12371055532723,-0.12371055532723,NA
"NXF2;TOP2A",-0.0296394944622597,-0.0296394944622598,NA
"NXF2;TRIB2",-0.0824610088604738,-0.0824610088604738,NA
"NXF2;TRIM25",-0.0804787887841467,-0.0804787887841467,NA
"NXF2;ULK1",-0.0752319989599758,-0.0752319989599758,NA
"NXF2;UPF2",-0.130883384831245,-0.130883384831245,NA
"NXF2;UPF3A",-0.0850376810420319,-0.0850376810420319,NA
"NXF2;WNT5A",-0.113573781029235,-0.113573781029235,NA
"NXF2B;PARP1",-0.0796648448776728,-0.0796648448776728,NA
"NXF2B;PIK3CA",-0.0658497981532581,-0.0658497981532581,NA
"NXF2B;PLD1",-0.0952259722702541,-0.0952259722702541,NA
"NXF2B;PLK1",0.00640713421992423,NA,-0.013596415798356
"NXF2B;POLD1",-0.112766751166454,-0.112766751166454,NA
"NXF2B;PSMB2",-0.0230167548437666,NA,0.0230167548437666
"NXF2B;PSMB5",-0.0471194137319277,NA,0.0471194137319277
"NXF2B;RHEB",-0.125666432400281,-0.125666432400281,NA
"NXF2B;TGFBR2",-0.133286004264645,-0.133286004264645,NA
"NXF2B;TOP2A",-0.0986829062734032,-0.0986829062734032,NA
"NXF2B;TRIB2",-0.0884642823252279,-0.088464282325228,NA
"NXF2B;TRIM25",-0.100371189936712,-0.100371189936712,NA
"NXF2B;ULK1",-0.109243980454455,-0.109243980454455,NA
"NXF2B;UPF2",-0.118935336945557,-0.118935336945557,NA
"NXF2B;UPF3A",-0.134482199744999,-0.134482199744999,NA
"NXF2B;WNT5A",-0.0859842081711104,-0.0859842081711104,NA
"PARP1;PIK3CA",0.106641593101952,0.106641593101953,NA
"PARP1;PLD1",-0.0401354940355703,-0.0401354940355703,NA
"PARP1;PLK1",-0.111425554685573,NA,-0.0949315068456353
"PARP1;POLD1",-0.0351420924018411,-0.0351420924018411,NA
"PARP1;PSMB2",-0.1000173471469,NA,-0.0401943960615125
"PARP1;PSMB5",0.0861786270104196,NA,-0.15296087449189
"PARP1;RHEB",-0.0690967633005461,-0.0690967633005461,NA
"PARP1;TGFBR2",-0.0369235089429509,-0.0369235089429509,NA
"PARP1;TOP2A",0.0592885803260549,0.0592885803260549,NA
"PARP1;TRIB2",-0.0477495503418833,-0.0477495503418833,NA
"PARP1;TRIM25",-0.0413789595904876,-0.0413789595904876,NA
"PARP1;ULK1",0.0634369492443626,0.0634369492443626,NA
"PARP1;UPF2",0.016514683787667,0.016514683787667,NA
"PARP1;UPF3A",0.00588572639350279,0.00588572639350282,NA
"PARP1;WNT5A",-0.022038193647433,-0.022038193647433,NA
"PIK3CA;PLD1",-0.0521927493675886,-0.0521927493675886,NA
"PIK3CA;PLK1",-0.0671770195865062,NA,-0.119109235370672
"PIK3CA;POLD1",0.0313494533152043,0.0313494533152043,NA
"PIK3CA;PSMB2",0.0112114386900193,NA,-0.131352375324402
"PIK3CA;PSMB5",0.0764990630923398,NA,-0.123210503999781
"PIK3CA;RHEB",0.0441029658788663,0.0441029658788663,NA
"PIK3CA;TGFBR2",0.0440601717187972,0.0440601717187972,NA
"PIK3CA;TOP2A",0.0697184273071421,0.0697184273071421,NA
"PIK3CA;TRIB2",-0.0687789877653098,-0.0687789877653098,NA
"PIK3CA;TRIM25",-0.0140692881411886,-0.0140692881411886,NA
"PIK3CA;ULK1",0.083762468533401,0.083762468533401,NA
"PIK3CA;UPF2",0.0561716442346364,0.0561716442346364,NA
"PIK3CA;UPF3A",0.0709938167327716,0.0709938167327715,NA
"PIK3CA;WNT5A",0.00302131979406034,0.00302131979406034,NA
"PLD1;PLK1",-0.0232455942855359,NA,-0.00490854594631346
"PLD1;POLD1",-0.153559562516449,-0.153559562516449,NA
"PLD1;PSMB2",-0.0141619104501485,NA,0.0141619104501485
"PLD1;PSMB5",0.0319609136334699,NA,-0.0319609136334699
"PLD1;RHEB",-0.149082749657565,-0.149082749657565,NA
"PLD1;TGFBR2",-0.113693882871307,-0.113693882871307,NA
"PLD1;TOP2A",-0.0438704987498101,-0.0438704987498102,NA
"PLD1;TRIB2",-0.0707551486552633,-0.0707551486552633,NA
"PLD1;TRIM25",-0.136297051693978,-0.136297051693978,NA
"PLD1;ULK1",-0.0540317282423856,-0.0540317282423856,NA
"PLD1;UPF2",-0.0988272513457718,-0.0988272513457718,NA
"PLD1;UPF3A",-0.0972034496467983,-0.0972034496467983,NA
"PLD1;WNT5A",-0.0505326077451836,-0.0505326077451836,NA
"PLK1;POLD1",-0.0899811407752945,NA,-0.018974642672146
"PLK1;PSMB2",-0.205582655381353,NA,-0.324427915366558
"PLK1;PSMB5",-0.136746828758196,NA,-0.319834246262773
"PLK1;RHEB",-0.184979835683507,NA,0.0640385369870772
"PLK1;TGFBR2",-0.143263423548369,NA,0.0670044618232043
"PLK1;TOP2A",-0.11846158284582,NA,-0.203176128385247
"PLK1;TRIB2",-0.0283569338382725,NA,0.00244027866220714
"PLK1;TRIM25",-0.0440349897914136,NA,-0.0349499037038731
"PLK1;ULK1",-0.154690233300651,NA,-0.0354840615810849
"PLK1;UPF2",-0.163969007113714,NA,-0.00400143913049256
"PLK1;UPF3A",-0.0608825545086921,NA,-0.0974058414013433
"PLK1;WNT5A",-0.0271795974911326,NA,-0.038033449287861
"POLD1;PSMB2",-0.0343038892366247,NA,-0.00850657588802017
"POLD1;PSMB5",0.0274864582236661,NA,-0.0274864582236661
"POLD1;RHEB",-0.0365512740601846,-0.0365512740601846,NA
"POLD1;TGFBR2",-0.0860962359923468,-0.0860962359923468,NA
"POLD1;TOP2A",-0.0587558384807468,-0.0587558384807468,NA
"POLD1;TRIB2",-0.125946725447736,-0.125946725447736,NA
"POLD1;TRIM25",-0.100133829233162,-0.100133829233162,NA
"POLD1;ULK1",-0.0917586605000374,-0.0917586605000374,NA
"POLD1;UPF2",-0.0326214132913961,-0.0326214132913961,NA
"POLD1;UPF3A",-0.0421877782149853,-0.0421877782149853,NA
"POLD1;WNT5A",-0.0841678990494238,-0.0841678990494238,NA
"PSMB2;PSMB5",-0.0365959932600153,NA,-0.353839763438158
"PSMB2;RHEB",-0.0983633998443503,NA,0.0435674194707157
"PSMB2;TGFBR2",-0.096057449924782,NA,0.0859438065224129
"PSMB2;TOP2A",-0.119954267146292,NA,-0.135538125761979
"PSMB2;TRIB2",-0.0870086601928609,NA,0.0870086601928609
"PSMB2;TRIM25",-0.0227732076710397,NA,0.00993363249854856
"PSMB2;ULK1",-0.0901109624119812,NA,-0.0339180141469588
"PSMB2;UPF2",-0.134495031743335,NA,0.0326699038219236
"PSMB2;UPF3A",-0.0590766116489596,NA,-0.0330664659382803
"PSMB2;WNT5A",0.0692758498363179,NA,-0.0692758498363178
"PSMB5;RHEB",-0.0305798407715853,NA,0.0305798407715853
"PSMB5;TGFBR2",-0.0352184389315598,NA,0.0352184389315598
"PSMB5;TOP2A",-0.00993409501089301,NA,-0.172128802170436
"PSMB5;TRIB2",0.00108224210982677,NA,-0.0010822421098268
"PSMB5;TRIM25",-0.0444198192106458,NA,0.0444198192106458
"PSMB5;ULK1",0.00191279160941327,NA,-0.0525122724414117
"PSMB5;UPF2",0.0814367005903538,NA,-0.109832332784823
"PSMB5;UPF3A",0.0542149970185865,NA,-0.0729285788788847
"PSMB5;WNT5A",0.0162887074031572,NA,-0.0162887074031572
"RHEB;TGFBR2",-0.01135874008754,-0.01135874008754,NA
"RHEB;TOP2A",-0.0383766395228421,-0.0383766395228421,NA
"RHEB;TRIB2",-0.07609070884755,-0.07609070884755,NA
"RHEB;TRIM25",-0.0717207451859787,-0.0717207451859787,NA
"RHEB;ULK1",-0.0699474119372348,-0.0699474119372349,NA
"RHEB;UPF2",-0.0342492134133912,-0.0342492134133912,NA
"RHEB;UPF3A",0.0243891220950919,0.0243891220950919,NA
"RHEB;WNT5A",-0.0608480976897855,-0.0608480976897855,NA
"TGFBR2;TOP2A",-0.0287328040860196,-0.0287328040860196,NA
"TGFBR2;TRIB2",-0.0749458345946569,-0.0749458345946569,NA
"TGFBR2;TRIM25",-0.00838381904228122,-0.00838381904228122,NA
"TGFBR2;ULK1",-0.0671045262464678,-0.0671045262464678,NA
"TGFBR2;UPF2",-0.0573997827793776,-0.0573997827793776,NA
"TGFBR2;UPF3A",-0.0498363335188904,-0.0498363335188904,NA
"TGFBR2;WNT5A",-0.0301210745324491,-0.0301210745324491,NA
"TOP2A;TRIB2",-0.085142876585671,-0.085142876585671,NA
"TOP2A;TRIM25",-0.0202492665842988,-0.0202492665842988,NA
"TOP2A;ULK1",0.0126023067952619,0.0126023067952619,NA
"TOP2A;UPF2",0.00645830985496268,0.00645830985496268,NA
"TOP2A;UPF3A",0.0522112408967345,0.0522112408967345,NA
"TOP2A;WNT5A",-0.00430873117279706,-0.00430873117279704,NA
"TRIB2;TRIM25",-0.0615388146732727,-0.0615388146732727,NA
"TRIB2;ULK1",-0.0875473584633298,-0.0875473584633298,NA
"TRIB2;UPF2",-0.0712979682652387,-0.0712979682652387,NA
"TRIB2;UPF3A",-0.114098153349603,-0.114098153349603,NA
"TRIB2;WNT5A",-0.0818097668635007,-0.0818097668635007,NA
"TRIM25;ULK1",-0.0614335939983912,-0.0614335939983912,NA
"TRIM25;UPF2",-0.0884697861876728,-0.0884697861876728,NA
"TRIM25;UPF3A",-0.0840010604329506,-0.0840010604329506,NA
"TRIM25;WNT5A",-0.0441815040907065,-0.0441815040907065,NA
"ULK1;UPF2",0.0421705937355453,0.0421705937355452,NA
"ULK1;UPF3A",0.0609482872264899,0.0609482872264899,NA
"ULK1;WNT5A",-0.0508592315579182,-0.0508592315579182,NA
"UPF2;UPF3A",-0.0217086456182695,-0.0217086456182695,NA
"UPF2;WNT5A",-0.0757961128419324,-0.0757961128419324,NA
"UPF3A;WNT5A",-0.0843714293731072,-0.0843714293731072,NA
