STANDARD_NAME	REACTOME_CELL_CYCLE_MITOTIC
SYSTEMATIC_NAME	M5336
CATEGORY_CODE	C2
SUB_CATEGORY_CODE	CP:REACTOME
MSIGDB_URL	https://www.gsea-msigdb.org/gsea/msigdb/human/geneset/REACTOME_CELL_CYCLE_MITOTIC
CHIP	Human_Ensembl_Gene_ID
DESCRIPTION_BRIEF	Cell Cycle, Mitotic
DESCRIPTION_FULL	
PMID	
GEOID	
AUTHORS	
CONTRIBUTOR	Reactome
CONTRIBUTOR_ORG	Reactome
EXACT_SOURCE	R-HSA-69278
FILTERED_BY_SIMILARITY	
EXTERNAL_NAMES_FOR_SIMILAR_TERMS	
EXTERNAL_DETAILS_URL	https://reactome.org/PathwayBrowser/#/R-HSA-69278|https://www.reactome.org/content/detail/R-HSA-69278
GENESET_LISTING_URL	
MEMBERS	ENSG00000002822,ENSG00000004897,ENSG00000005249,ENSG00000006634,ENSG00000007168,ENSG00000007968,ENSG00000008018,ENSG00000008128,ENSG00000010292,ENSG00000013275,ENSG00000014138,ENSG00000020426,ENSG00000021574,ENSG00000025770,ENSG00000028116,ENSG00000030066,ENSG00000031691,ENSG00000035928,ENSG00000037042,ENSG00000040275,ENSG00000041357,ENSG00000046651,ENSG00000047410,ENSG00000049541,ENSG00000053900,ENSG00000054282,ENSG00000055130,ENSG00000058272,ENSG00000058804,ENSG00000062650,ENSG00000062822,ENSG00000065328,ENSG00000066027,ENSG00000068796,ENSG00000068878,ENSG00000068903,ENSG00000068971,ENSG00000069248,ENSG00000070770,ENSG00000072062,ENSG00000072401,ENSG00000072501,ENSG00000072571,ENSG00000072803,ENSG00000072864,ENSG00000073111,ENSG00000074054,ENSG00000075188,ENSG00000075218,ENSG00000075886,ENSG00000076003,ENSG00000077157,ENSG00000077380,ENSG00000077514,ENSG00000078304,ENSG00000078674,ENSG00000079335,ENSG00000080824,ENSG00000080839,ENSG00000080986,ENSG00000082701,ENSG00000082898,ENSG00000083312,ENSG00000083642,ENSG00000083937,ENSG00000085415,ENSG00000085840,ENSG00000086827,ENSG00000087191,ENSG00000087586,ENSG00000088325,ENSG00000088986,ENSG00000089053,ENSG00000089685,ENSG00000090273,ENSG00000091651,ENSG00000092010,ENSG00000092036,ENSG00000093000,ENSG00000093009,ENSG00000094804,ENSG00000094880,ENSG00000094914,ENSG00000095261,ENSG00000095319,ENSG00000096384,ENSG00000096968,ENSG00000097007,ENSG00000097046,ENSG00000099341,ENSG00000100030,ENSG00000100162,ENSG00000100297,ENSG00000100387,ENSG00000100393,ENSG00000100401,ENSG00000100479,ENSG00000100519,ENSG00000100567,ENSG00000100749,ENSG00000100764,ENSG00000100804,ENSG00000100902,ENSG00000100911,ENSG00000101003,ENSG00000101004,ENSG00000101057,ENSG00000101146,ENSG00000101162,ENSG00000101182,ENSG00000101213,ENSG00000101224,ENSG00000101266,ENSG00000101367,ENSG00000101412,ENSG00000101421,ENSG00000101577,ENSG00000101624,ENSG00000101639,ENSG00000101843,ENSG00000101868,ENSG00000101972,ENSG00000102119,ENSG00000102384,ENSG00000102882,ENSG00000102900,ENSG00000102901,ENSG00000103035,ENSG00000103275,ENSG00000103479,ENSG00000103540,ENSG00000103995,ENSG00000104388,ENSG00000104695,ENSG00000104738,ENSG00000104833,ENSG00000105173,ENSG00000105221,ENSG00000105325,ENSG00000105486,ENSG00000105568,ENSG00000105810,ENSG00000105968,ENSG00000106399,ENSG00000106477,ENSG00000106588,ENSG00000106628,ENSG00000108055,ENSG00000108106,ENSG00000108344,ENSG00000108424,ENSG00000108559,ENSG00000108671,ENSG00000108953,ENSG00000109805,ENSG00000110092,ENSG00000110200,ENSG00000110274,ENSG00000110713,ENSG00000110801,ENSG00000111206,ENSG00000111276,ENSG00000111445,ENSG00000111581,ENSG00000112029,ENSG00000112118,ENSG00000112242,ENSG00000112312,ENSG00000112576,ENSG00000112640,ENSG00000112877,ENSG00000112984,ENSG00000113368,ENSG00000113558,ENSG00000113569,ENSG00000113575,ENSG00000113810,ENSG00000114107,ENSG00000114126,ENSG00000114745,ENSG00000115163,ENSG00000115233,ENSG00000115350,ENSG00000115561,ENSG00000115806,ENSG00000115942,ENSG00000115947,ENSG00000116030,ENSG00000116127,ENSG00000116478,ENSG00000117020,ENSG00000117399,ENSG00000117475,ENSG00000117650,ENSG00000117697,ENSG00000117724,ENSG00000117748,ENSG00000118007,ENSG00000118971,ENSG00000119335,ENSG00000119397,ENSG00000119408,ENSG00000119638,ENSG00000120253,ENSG00000120334,ENSG00000120539,ENSG00000120802,ENSG00000121152,ENSG00000121621,ENSG00000121892,ENSG00000122952,ENSG00000123080,ENSG00000123219,ENSG00000123240,ENSG00000123374,ENSG00000123416,ENSG00000123810,ENSG00000124635,ENSG00000124762,ENSG00000124789,ENSG00000125450,ENSG00000125818,ENSG00000125885,ENSG00000125952,ENSG00000126001,ENSG00000126067,ENSG00000126216,ENSG00000126883,ENSG00000127564,ENSG00000127824,ENSG00000127914,ENSG00000127922,ENSG00000128159,ENSG00000128989,ENSG00000129084,ENSG00000129355,ENSG00000129474,ENSG00000129757,ENSG00000129810,ENSG00000129933,ENSG00000130177,ENSG00000130640,ENSG00000130724,ENSG00000130779,ENSG00000131153,ENSG00000131351,ENSG00000131462,ENSG00000131467,ENSG00000131747,ENSG00000132182,ENSG00000132341,ENSG00000132383,ENSG00000132475,ENSG00000132612,ENSG00000132646,ENSG00000132793,ENSG00000133101,ENSG00000133119,ENSG00000133740,ENSG00000134057,ENSG00000134058,ENSG00000134324,ENSG00000134480,ENSG00000134508,ENSG00000134690,ENSG00000135336,ENSG00000135446,ENSG00000135476,ENSG00000135720,ENSG00000136122,ENSG00000136243,ENSG00000136811,ENSG00000136824,ENSG00000136861,ENSG00000136930,ENSG00000136997,ENSG00000137100,ENSG00000137267,ENSG00000137285,ENSG00000137497,ENSG00000137713,ENSG00000137807,ENSG00000137812,ENSG00000137814,ENSG00000137822,ENSG00000138069,ENSG00000138092,ENSG00000138107,ENSG00000138346,ENSG00000138750,ENSG00000138768,ENSG00000138778,ENSG00000139289,ENSG00000139350,ENSG00000139496,ENSG00000139687,ENSG00000141200,ENSG00000141446,ENSG00000141510,ENSG00000141551,ENSG00000141552,ENSG00000141577,ENSG00000142208,ENSG00000142507,ENSG00000142731,ENSG00000142856,ENSG00000142945,ENSG00000143106,ENSG00000143156,ENSG00000143228,ENSG00000143420,ENSG00000143815,ENSG00000143924,ENSG00000143947,ENSG00000144635,ENSG00000145241,ENSG00000145386,ENSG00000145604,ENSG00000146047,ENSG00000146143,ENSG00000146670,ENSG00000146918,ENSG00000147099,ENSG00000147316,ENSG00000147400,ENSG00000147457,ENSG00000147536,ENSG00000147874,ENSG00000147883,ENSG00000147889,ENSG00000148019,ENSG00000148229,ENSG00000149503,ENSG00000149636,ENSG00000150991,ENSG00000151414,ENSG00000151503,ENSG00000151725,ENSG00000151849,ENSG00000152082,ENSG00000152086,ENSG00000152240,ENSG00000152253,ENSG00000153044,ENSG00000153107,ENSG00000153201,ENSG00000153207,ENSG00000154001,ENSG00000154222,ENSG00000154229,ENSG00000154473,ENSG00000154611,ENSG00000154839,ENSG00000155034,ENSG00000155561,ENSG00000156970,ENSG00000157020,ENSG00000157456,ENSG00000157540,ENSG00000158373,ENSG00000158402,ENSG00000158406,ENSG00000158560,ENSG00000159352,ENSG00000159377,ENSG00000160299,ENSG00000160551,ENSG00000160783,ENSG00000160789,ENSG00000161057,ENSG00000161888,ENSG00000161904,ENSG00000162521,ENSG00000163002,ENSG00000163041,ENSG00000163535,ENSG00000163539,ENSG00000163636,ENSG00000163918,ENSG00000164032,ENSG00000164045,ENSG00000164109,ENSG00000164162,ENSG00000164190,ENSG00000164611,ENSG00000164695,ENSG00000164754,ENSG00000164815,ENSG00000165916,ENSG00000166037,ENSG00000166167,ENSG00000166295,ENSG00000166451,ENSG00000166483,ENSG00000166501,ENSG00000166508,ENSG00000166579,ENSG00000166851,ENSG00000167110,ENSG00000167393,ENSG00000167461,ENSG00000167513,ENSG00000167552,ENSG00000167553,ENSG00000167842,ENSG00000167900,ENSG00000168148,ENSG00000168496,ENSG00000169016,ENSG00000169679,ENSG00000170027,ENSG00000170142,ENSG00000170312,ENSG00000170315,ENSG00000171320,ENSG00000171848,ENSG00000172943,ENSG00000173207,ENSG00000173213,ENSG00000173272,ENSG00000173692,ENSG00000174106,ENSG00000174442,ENSG00000174799,ENSG00000174903,ENSG00000175063,ENSG00000175166,ENSG00000175203,ENSG00000175216,ENSG00000175279,ENSG00000175305,ENSG00000175334,ENSG00000175470,ENSG00000175482,ENSG00000175826,ENSG00000176014,ENSG00000176101,ENSG00000176108,ENSG00000176248,ENSG00000176386,ENSG00000176890,ENSG00000176915,ENSG00000177084,ENSG00000177954,ENSG00000178462,ENSG00000178999,ENSG00000179051,ENSG00000180198,ENSG00000180573,ENSG00000180596,ENSG00000181938,ENSG00000182149,ENSG00000182628,ENSG00000182923,ENSG00000183311,ENSG00000183580,ENSG00000183598,ENSG00000183785,ENSG00000183814,ENSG00000183955,ENSG00000184260,ENSG00000184445,ENSG00000184678,ENSG00000185130,ENSG00000185627,ENSG00000186298,ENSG00000186871,ENSG00000188229,ENSG00000188312,ENSG00000188486,ENSG00000189308,ENSG00000196230,ENSG00000196313,ENSG00000196510,ENSG00000196866,ENSG00000196890,ENSG00000197061,ENSG00000197102,ENSG00000197122,ENSG00000197153,ENSG00000197170,ENSG00000197238,ENSG00000197409,ENSG00000197837,ENSG00000197903,ENSG00000198033,ENSG00000198056,ENSG00000198089,ENSG00000198176,ENSG00000198707,ENSG00000203811,ENSG00000203812,ENSG00000203852,ENSG00000204086,ENSG00000204264,ENSG00000204315,ENSG00000204435,ENSG00000204843,ENSG00000204899,ENSG00000205220,ENSG00000205250,ENSG00000205423,ENSG00000205629,ENSG00000205659,ENSG00000206298,ENSG00000206406,ENSG00000213024,ENSG00000213066,ENSG00000213397,ENSG00000213639,ENSG00000213923,ENSG00000214367,ENSG00000214517,ENSG00000221914,ENSG00000221983,ENSG00000222028,ENSG00000223666,ENSG00000224156,ENSG00000224200,ENSG00000224398,ENSG00000224774,ENSG00000226201,ENSG00000227739,ENSG00000228716,ENSG00000228875,ENSG00000229684,ENSG00000230034,ENSG00000230669,ENSG00000230700,ENSG00000230907,ENSG00000231631,ENSG00000232421,ENSG00000232575,ENSG00000232960,ENSG00000233822,ENSG00000234289,ENSG00000235067,ENSG00000235715,ENSG00000236443,ENSG00000239836,ENSG00000240065,ENSG00000240118,ENSG00000240508,ENSG00000242711,ENSG00000243067,ENSG00000243594,ENSG00000243910,ENSG00000243958,ENSG00000246705,ENSG00000248333,ENSG00000249115,ENSG00000254087,ENSG00000254505,ENSG00000258947,ENSG00000261456,ENSG00000262634,ENSG00000264364,ENSG00000267796,ENSG00000270276,ENSG00000270882,ENSG00000272196,ENSG00000272391,ENSG00000273542,ENSG00000273703,ENSG00000273802,ENSG00000273983,ENSG00000274183,ENSG00000274290,ENSG00000274474,ENSG00000274618,ENSG00000274641,ENSG00000274750,ENSG00000275126,ENSG00000275199,ENSG00000275379,ENSG00000275713,ENSG00000275714,ENSG00000275835,ENSG00000275903,ENSG00000275911,ENSG00000276111,ENSG00000276180,ENSG00000276368,ENSG00000276410,ENSG00000276966,ENSG00000277075,ENSG00000277157,ENSG00000277224,ENSG00000277273,ENSG00000277775,ENSG00000277791,ENSG00000277909,ENSG00000278463,ENSG00000278588,ENSG00000278637,ENSG00000278705,ENSG00000278828,ENSG00000281221,ENSG00000281540,ENSG00000282899,ENSG00000283100,ENSG00000284096,ENSG00000284889,ENSG00000284916,ENSG00000285262,ENSG00000285302,ENSG00000285435,ENSG00000285449,ENSG00000286522,ENSG00000287080,ENSG00000288307,ENSG00000288516,ENSG00000288825,ENSG00000288859
MAPPED_SYMBOLS	MAD1L1,CDC27,PRKAR2B,DBF4,PAFAH1B1,E2F2,PSMB1,CDK11A,NCAPD2,PSMC4,POLA2,MNAT1,SPAST,NCAPH2,VRK2,NUP160,CENPQ,RFC1,TUBG2,SPDL1,PSMA4,OFD1,TPR,RFC2,ANAPC4,SDCCAG8,CUL1,PPP1R12A,NDC1,WAPL,POLD1,MCM10,PPP2R5A,KIF2A,PSME4,SIRT2,PPP2R5B,NUP133,CSNK2A2,PRKACA,UBE2D1,SMC1A,HMMR,FBXW11,NDE1,MCM2,CLASP1,NUP37,GTSE1,TUBA3D,MCM6,PPP1R12B,DYNC1I2,POLD3,PPP2R5C,PCM1,CDC14A,HSP90AA1,RBL1,NDC80,GSK3B,XPO1,TNPO1,PDS5B,CHMP2B,SEH1L,ORC1,ZW10,PSMC5,AURKA,TPX2,DYNLL1,ANAPC5,BIRC5,NUDC,ORC6,PSME1,HAUS4,NUP50,CDC45,CDC6,CDC23,AAAS,PSMD5,NUP188,HSP90AB1,JAK2,ABL1,CDC7,PSMD8,MAPK1,CENPM,MCM5,RBX1,EP300,RANGAP1,POLE2,PSMC6,PSMA3,VRK1,PSMC1,PSMB5,PSMA6,PSME2,GINS1,NINL,MYBL2,RAE1,TUBB1,PSMA7,PTK6,CDC25B,CSNK2A1,MAPRE1,E2F1,CHMP4B,LPIN2,CEP76,CEP192,PSMD10,POLA1,STAG2,EMD,CENPI,MAPK3,NUP93,CENPT,PSMD7,UBE2I,RBL2,CCP110,CEP152,RAB2A,PPP2CB,MCM4,TUBB4A,CCNE1,AKT2,FZR1,LIG1,PPP2R1A,CDK6,H2AZ2,RPA3,CEP41,PSMA2,POLD2,SMC3,UBE2S,PSMD3,KPNB1,NUP88,PSMD11,YWHAE,NCAPG,CCND1,ANAPC15,CEP164,NUP98,PSMD9,FOXM1,CDKN1B,RFC5,NUP107,FBXO5,MCM3,E2F3,GMNN,CCND3,PPP2R5D,CEP72,KIF20A,LMNB1,SKP1,NUP155,PPP2CA,SMC4,CEP70,TFDP2,GORASP1,CENPA,PSMD14,POLE4,CHMP3,GORASP2,ORC2,ORC4,SUMO1,ALMS1,HDAC1,AKT3,CDC20,BLZF1,NEK2,NSL1,CENPF,RPA2,STAG1,CCND2,SET,CNTRL,NEK6,NEK9,NUP43,CENPL,MASTL,TMPO,NCAPH,KIF18A,PDS5A,ZWINT,CDKN2C,CENPK,OPTN,CDK2,TUBA1B,B9D2,H2BC11,CDKN1A,NUP153,NUP85,PSMF1,MCM8,MAX,CEP250,PSMB2,TUBGCP3,NUP214,PKMYT1,TUBA4A,AKAP9,SEM1,TUBGCP6,ARPP19,PSMA1,CDKN2D,AJUBA,CDKN1C,SGO1,MAU2,CDC16,TUBGCP2,CHMP2A,CLIP1,GINS2,HAUS8,TUBG1,PSME3,TOP2A,NUP210,RAN,RPA1,H3-3B,VPS4A,PCNA,LPIN3,CCNA1,RFC3,E2F5,CCNB1,CDK7,LPIN1,CCNH,CABLES1,CDCA8,ORC3,CDK4,ESPL1,DYNC1LI2,BORA,NUP42,ODF2,SMC2,CDK5RAP2,PSMB7,MYC,DCTN3,TUBB2A,TUBB2B,NUMA1,PPP2R1B,KIF23,KNL1,HAUS2,TUBGCP4,RAB1A,CENPO,ACTR1A,DNA2,NUP54,USO1,CENPE,PHLDA1,NEDD1,NUP58,RB1,KIF2B,ESCO1,TP53,CSNK1D,ANAPC11,CEP131,AKT1,PSMB6,PLK4,ITGB3BP,KIF2C,PSMA5,NME7,NUF2,ENSA,LBR,EML4,RPS27A,DYNC1LI1,CENPC,CCNA2,SKP2,H2BC1,PRIM2,CDCA5,NCAPG2,HDAC8,MCPH1,CETN2,CHMP7,GINS4,HAUS6,CDKN2B,CDKN2A,CEP78,POLE3,INCENP,DSN1,UBC,NEK7,NCAPD3,CENPU,CENPJ,MZT2B,TUBA3E,HAUS1,SPC25,CENPH,ANAPC1,RANBP2,AHCTF1,PPP2R5E,CC2D1B,PRKCA,BUB3,PSMA8,SKA1,FBXL18,NUP205,BUB1B,SEC13,CCNB2,DYRK1A,H2BC5,CDC25C,H4C8,DYNC1I1,PSMD4,PSMB4,PCNT,TAOK1,PMF1,LMNA,PSMC2,SPC24,LEMD2,RBBP4,NUP35,H3-3A,SGO2,CLASP2,PSMD6,RFC4,H2AZ1,CDC25A,MAD2L1,ANAPC10,NIPBL,PTTG1,CHMP4C,RAD21,ORC5,PSMC3,CEP57,BTRC,ANAPC16,CENPN,WEE1,PRKCB,MCM7,NDEL1,PLK1,GOLGA2,PPP2R3B,RAB8A,CDT1,TUBA1A,TUBA1C,MIS12,TK1,H3-4,FEN1,E2F6,BUB1,YWHAG,UBE2E1,CDK1,UBB,ESCO2,RRM2,PHF8,CKS1B,TUBB8B,MZT2A,PSMD1,LEMD3,ZWILCH,CEP135,RAB1B,UBE2C,PSMD2,DCTN2,CKAP5,CENPS,CCNE2,BANF1,PPP2R2D,POLD4,CTDNEP1,TUBB6,SSNA1,CHMP6,ANAPC2,CDC26,TYMS,ANKLE2,POLE,RPS27,TUBAL3,AURKB,RCC2,RCC1,H2AC6,H2BC4,GINS3,IST1,SKA2,CEP63,TUBB,FBXL7,H3C13,TUBA8,LIN9,KMT5A,H2AC20,KNTC1,H2BC21,H2BC13,PSMD13,PPP1CC,ERCC6L,TUBB4B,CENPP,H2AX,LIN54,TUBB,POM121,ANAPC7,H2AC7,H2BU1,H4C3,DYNC1H1,SRC,H3C12,PSMD12,H4C11,H3C4,H4-16,H2BC12,TUBA3C,PRIM1,SFI1,TFDP1,CEP290,H3C14,,H3C15,RPA4,PSMB8,FKBPL,CSNK2B,DCTN1,MZT1,PSMB10,E2F4,CNEP1R1,LCMT1,LIN52,PSMB8,CSNK2B,NUP62,CEP43,HAUS7,PPP1CB,CSNK1E,HAUS3,PPME1,PPP2R2A,UBA52,PSMB11,FKBPL,TUBB,FKBPL,CSNK2B,CSNK2B,PSMB8,TUBB,DHFR,CSNK2B,TUBB,PSMB8,PSMB8,CSNK2B,FKBPL,PSMB8,TUBB,TUBB,CSNK2B,H2BC15,H2BC12L,TUBB,PSMB8,PSMB8,PSMB9,PSMB9,PSMB9,PSMB9,PSMB9,PSMB9,PSMB9,TUBA4B,PSMB9,H2AJ,CDK11B,HAUS5,LYN,CHMP4A,TUBB3,TUBB8,SKA1,DYNLL2,LIN37,H4C15,H4C14,,POM121C,H4C12,H2BC14,H2BC8,H3C8,H2AB1,H2BC6,YWHAE,H4C6,H2BC17,H3C6,H4C13,AKT3,H3C11,H2BC9,H3C1,TUBGCP5,PSMB3,NDE1,SDCCAG8,H4C9,H2AC14,H2BC3,H4C5,H2AC8,H4C4,H2BC7,CDK7,H3C7,PSMB3,SPC25,H2AC4,H2BC10,H4C1,H4C2,H3C10,PSMC4,RCC2,E2F2,SIRT2,PRKAR2B,PSME2,PSME1,MCPH1,CHMP4A,H3-4,H2BU1,H3C2,H3C3,CTDNEP1,PRKACA,H2AC18,H2AC19
