STANDARD_NAME	REACTOME_APOPTOSIS
SYSTEMATIC_NAME	M15303
CATEGORY_CODE	C2
SUB_CATEGORY_CODE	CP:REACTOME
MSIGDB_URL	https://www.gsea-msigdb.org/gsea/msigdb/human/geneset/REACTOME_APOPTOSIS
CHIP	Human_Ensembl_Gene_ID
DESCRIPTION_BRIEF	Apoptosis
DESCRIPTION_FULL	
PMID	
GEOID	
AUTHORS	
CONTRIBUTOR	Reactome
CONTRIBUTOR_ORG	Reactome
EXACT_SOURCE	R-HSA-109581
FILTERED_BY_SIMILARITY	
EXTERNAL_NAMES_FOR_SIMILAR_TERMS	
EXTERNAL_DETAILS_URL	https://reactome.org/PathwayBrowser/#/R-HSA-109581|https://www.reactome.org/content/detail/R-HSA-109581
GENESET_LISTING_URL	
MEMBERS	ENSG00000002330,ENSG00000003402,ENSG00000008018,ENSG00000013275,ENSG00000015475,ENSG00000026025,ENSG00000026103,ENSG00000030110,ENSG00000035664,ENSG00000039068,ENSG00000041357,ENSG00000046604,ENSG00000064012,ENSG00000065675,ENSG00000067900,ENSG00000068878,ENSG00000071205,ENSG00000073282,ENSG00000078900,ENSG00000081277,ENSG00000087088,ENSG00000087191,ENSG00000087274,ENSG00000087470,ENSG00000088808,ENSG00000088986,ENSG00000092010,ENSG00000092853,ENSG00000095261,ENSG00000096696,ENSG00000099341,ENSG00000100030,ENSG00000100453,ENSG00000100519,ENSG00000100567,ENSG00000100764,ENSG00000100804,ENSG00000100813,ENSG00000100902,ENSG00000100911,ENSG00000101182,ENSG00000101412,ENSG00000101843,ENSG00000101966,ENSG00000102010,ENSG00000102572,ENSG00000102871,ENSG00000102882,ENSG00000103035,ENSG00000104067,ENSG00000104081,ENSG00000104518,ENSG00000104689,ENSG00000105221,ENSG00000105327,ENSG00000105483,ENSG00000105928,ENSG00000106588,ENSG00000107643,ENSG00000107731,ENSG00000108344,ENSG00000108387,ENSG00000108424,ENSG00000108561,ENSG00000108671,ENSG00000108953,ENSG00000110330,ENSG00000110801,ENSG00000113368,ENSG00000113763,ENSG00000114030,ENSG00000114126,ENSG00000115233,ENSG00000117020,ENSG00000117560,ENSG00000119139,ENSG00000120868,ENSG00000120889,ENSG00000120910,ENSG00000121858,ENSG00000124575,ENSG00000124610,ENSG00000125818,ENSG00000126067,ENSG00000127191,ENSG00000127666,ENSG00000127922,ENSG00000128245,ENSG00000129084,ENSG00000131467,ENSG00000132906,ENSG00000134308,ENSG00000134602,ENSG00000134757,ENSG00000134760,ENSG00000134982,ENSG00000136279,ENSG00000136448,ENSG00000136869,ENSG00000136930,ENSG00000137275,ENSG00000137831,ENSG00000138794,ENSG00000141510,ENSG00000141682,ENSG00000142208,ENSG00000142507,ENSG00000143106,ENSG00000143514,ENSG00000143947,ENSG00000147889,ENSG00000148180,ENSG00000148935,ENSG00000149089,ENSG00000150991,ENSG00000153094,ENSG00000154589,ENSG00000154611,ENSG00000157500,ENSG00000159352,ENSG00000159377,ENSG00000160049,ENSG00000160789,ENSG00000161057,ENSG00000162600,ENSG00000163636,ENSG00000163932,ENSG00000164104,ENSG00000164305,ENSG00000164924,ENSG00000165806,ENSG00000165916,ENSG00000166913,ENSG00000167657,ENSG00000168036,ENSG00000168040,ENSG00000168298,ENSG00000168522,ENSG00000168610,ENSG00000169398,ENSG00000169598,ENSG00000169857,ENSG00000170027,ENSG00000170315,ENSG00000170458,ENSG00000171552,ENSG00000171791,ENSG00000172115,ENSG00000173692,ENSG00000175166,ENSG00000175793,ENSG00000178209,ENSG00000179222,ENSG00000180370,ENSG00000182568,ENSG00000184047,ENSG00000184357,ENSG00000185627,ENSG00000185825,ENSG00000186868,ENSG00000187323,ENSG00000187837,ENSG00000189060,ENSG00000189403,ENSG00000196730,ENSG00000197170,ENSG00000197694,ENSG00000197822,ENSG00000198176,ENSG00000198836,ENSG00000204264,ENSG00000205220,ENSG00000206298,ENSG00000221823,ENSG00000221983,ENSG00000222028,ENSG00000226201,ENSG00000230034,ENSG00000230669,ENSG00000231631,ENSG00000235715,ENSG00000236443,ENSG00000239836,ENSG00000240065,ENSG00000240118,ENSG00000240508,ENSG00000242711,ENSG00000243067,ENSG00000243414,ENSG00000243594,ENSG00000243958,ENSG00000264364,ENSG00000274474,ENSG00000275199,ENSG00000275903,ENSG00000276155,ENSG00000277401,ENSG00000277791,ENSG00000277956,ENSG00000278718,ENSG00000281221,ENSG00000284889,ENSG00000284916
MAPPED_SYMBOLS	BAD,CFLAR,PSMB1,PSMC4,BID,VIM,FAS,BAK1,DAPK2,CDH1,PSMA4,DSG2,CASP8,PRKCQ,ROCK1,PSME4,ARHGAP10,TP63,TP73,PKP1,BAX,PSMC5,ADD1,DNM1L,PPP1R13B,DYNLL1,PSME1,CLSPN,PSMD5,DSP,PSMD8,MAPK1,GZMB,PSMC6,PSMA3,PSMC1,PSMB5,ACIN1,PSMA6,PSME2,PSMA7,E2F1,PSMD10,XIAP,BMX,STK24,TRADD,MAPK3,PSMD7,TJP1,BMF,GSDMD,TNFRSF10A,AKT2,BBC3,CARD8,GSDME,PSMA2,MAPK8,UNC5B,PSMD3,SEPTIN4,KPNB1,C1QBP,PSMD11,YWHAE,BIRC2,PSMD9,LMNB1,UNC5A,KPNA1,TFDP2,PSMD14,AKT3,FASLG,TJP2,APAF1,TNFRSF10B,PPP3CC,TNFSF10,H1-3,H1-1,PSMF1,PSMB2,TRAF2,TICAM1,SEM1,YWHAH,PSMA1,PSME3,CASP9,YWHAQ,STK26,DSG3,DSG1,APC,DBNL,NMT1,TLR4,PSMB7,RIPK1,UACA,CASP6,TP53,PMAIP1,AKT1,PSMB6,PSMA5,TP53BP2,RPS27A,CDKN2A,GSN,GAS2,APIP,UBC,BCL2L11,LY96,PSMA8,APPL1,PSMD4,PSMB4,DFFA,LMNA,PSMC2,OMA1,PSMD6,PRKCD,HMGB2,CASP3,YWHAZ,CASP7,PSMC3,YWHAB,DAPK3,CTNNB1,FADD,H1-4,FNTA,STAT3,PTK2,DFFB,AVEN,YWHAG,UBB,CD14,BCL2L1,BCL2,CYCS,PSMD1,PSMD2,SFN,PLEC,MAGED1,PAK2,SATB1,DIABLO,H1-5,PSMD13,BCAP31,MAPT,DCC,H1-2,H1-0,HMGB1,DAPK1,PSMD12,SPTAN1,OCLN,TFDP1,OPA1,PSMB8,PSMB10,PSMB8,PPP3R1,UBA52,PSMB11,PSMB8,PSMB8,PSMB8,PSMB8,PSMB8,PSMB8,PSMB9,PSMB9,PSMB9,PSMB9,PSMB9,PSMB9,TICAM2,PSMB9,PSMB9,DYNLL2,YWHAE,AKT3,PSMB3,MAPT,TJP1,PSMB3,MAPT,GSDMD,PSMC4,PSME2,PSME1
