keyword,symbol,synonyms,entrez_gene_name,location,reference
Autophagy,FTH1,"FTHL6, GC11M064245 GC11M063307 GC11M061982 GC11M061507 GC11M061488 GC11M061731 GC11M058061",ferritin heavy chain 1,Cytoplasm,https://jcs.biologists.org/content/131/18/jcs215152
Autophagy,BIRC2,"API1, MIHB, Baculoviral IAP Repeat-Containing 2",Baculoviral IAP Repeat-Containing Protein 2,Nucleus,https://www.sciencedirect.com/science/article/pii/S1931312818304918
Autophagy,ATG5,"Autophagy Protein 5, ATG5 Autophagy Related 5 Homolog",Autophagy Related 5,centrosome,https://www.ncbi.nlm.nih.gov/pmc/articles/PMC6199349/
Autophagy,ATG7,"Ubiquitin-Activating Enzyme E1-Like Protein, Ubiquitin-Like Modifier-Activating Enzyme ATG7",Autophagy-Related Protein 7,Vacuole,https://www.ncbi.nlm.nih.gov/pubmed/26930546
Autophagy,ATG3,"Autophagy-Related Protein 3, APG3L, HApg, APG3",Ubiquitin-like-conjugating enzyme ATG3,cytoplasm,https://www.nature.com/articles/s41467-017-02352-z
Autophagy,UBA1,"UBA1, Ubiquitin-Activating Enzyme E1 Homolog A, UBA1A, UBE1X, A1S9, A1ST, GXP1",Ubiquitin-Like Modifier-Activating Enzyme 1,,https://www.nature.com/articles/ncb2804
Autophagy,UTX,"KDM6A, Ubiquitously-Transcribed X Chromosome ","Ubiquitously Transcribed Tetratricopeptide Repeat, X Chromosome",Cytoplasm,https://www.nature.com/articles/s41556-018-0201-5
Autophagy,GBA,"GLCM_HUMAN, GLUC",beta-D-glucosyl-N-acylsphingosine glucohydrolase,,https://www.tandfonline.com/doi/full/10.1080/15548627.2018.1427396
Autosis,ATP1A1,"Na,K-ATPase Alpha-1 Subunit, Na+/K+ ATPase 1 ",ATPase Na+/K+ Transporting Subunit Alpha 1�,Plasma membrane,https://www.tandfonline.com/doi/abs/10.1080/15548627.2018.1476014
Autosis,ATG7,"ATG12-Activating Enzyme E1 ATG7, APG7L, HAGP7",Ubiquitin-Activating Enzyme E1-Like Protein,Cytoplasm,https://www.cell.com/cell/pdf/S0092-8674(19)30554-9.pdf
Apoptosis,BCL2,"BCL2, Apoptosis Regulator, B-Cell CLL/Lymphoma, PPP1R50, Bcl-2",BCL2 Apoptosis Regulator,Mitochondria,https://royalsocietypublishing.org/doi/full/10.1098/rsob.180002
Apoptosis,BAX,"Apoptosis Regulator BAX, Bcl-2-Like Protein 4, Bcl2-L-4","BCL2 Associated X, Apoptosis Regulator",Mitochondria,https://www.ncbi.nlm.nih.gov/pubmed/29775594
Apoptosis,BAK,"Apoptosis Regulator BAK, Bcl-2-Like Protein 7, Bcl2-L-7","BCL2 Antagonist/Killer 1, Bcl-2 Homologous Antagonist/Killer",Mitochondria,https://www.ncbi.nlm.nih.gov/pubmed/29775594
Apoptosis,CASP3,"CPP32, CPP32B",caspase 3,Cytoplasm,https://www.nature.com/articles/s41420-019-0142-1
Apoptosis,CASP6,"CASP3/6/7, Caspase 3, 6, 7, Caspase-3, -6, and -7",,Cytoplasm,https://www.frontiersin.org/articles/10.3389/fnins.2018.00312/full
Apoptosis,CASP7,"CASP-7, CMH-1, ICE-LAP3",caspase7,cytoplasm,https://www.sciencedirect.com/topics/neuroscience/intrinsic-apoptosis
Apoptosis,BID,"BID Isoform L(2), BID Isoform Si6, FP497",BH3 Interacting Domain Death Agonist,Cytoplasm,http://clincancerres.aacrjournals.org/content/23/6/1379
Apoptosis,NTRK3,"NT-3 Growth Factor Receptor 3, EC 2.7.10.1, GP145-TrkC, TRKC",Neurotrophic Receptor Tyrosine Kinase 3�,Plasma membrane,https://www.ncbi.nlm.nih.gov/pmc/articles/PMC6410226/
Apoptosis,MAPKAPK2,"MK2, MK-2, MAPKAP-K2",MAPK activated protein kinase 2,Nucleus,https://www.ncbi.nlm.nih.gov/pubmed/29844172
Apoptosis,BCL2L11,"BIM, BAM, BOD,",BCL2 like 11,Mitochondria,https://www.nature.com/articles/s41418-017-0012-8
Apoptosis,BBC3,"PUMA, JFY1",BCL2 binding component 3,Mitochondria,https://www.nature.com/articles/s41418-017-0012-9
Apoptosis,NOXA1,"p51NOX, NY-CO-31",NADPH oxidase activator 1,Vesicles,https://www.nature.com/articles/s41418-017-0012-10
Apoptosis,MCL1,"TM, EAT, MCL1L1","MCL1 apoptosis regulator, BCL2 family member",Mitochondria,https://www.nature.com/articles/s41418-017-0012-12
Apoptosis,BCL2A1,"GRS, ACC1, BFL1",BCL2 related protein A1,Mitochondria,https://www.nature.com/articles/s41418-017-0012-14
Apoptosis,BCL2L1,"BCL-XL, BCLX, BCL2L",BCL2 like 1,Mitochondria,https://www.nature.com/articles/s41418-017-0012-15
Apoptosis,BAD,"BBC2, BCL2L8",BCL2 associated agonist of cell death,Mitochondria,https://www.nature.com/articles/s41418-017-0012-16
Apoptosis,HRK,"DP5, HARAKIRI","Harkiri, BCL2 interacting protein",Mitochondria,https://www.nature.com/articles/s41418-017-0012-17
Apoptosis,BOK,BCL2L9,BCL2 family apoptosis regulator BOK,Mitchondria,https://www.nature.com/articles/s41418-017-0012-18
Apoptosis,XIAP,"BIRC4, API3, IPA-3, XLP2, hIAP-3",X-linked inhibitor of apoptosis,"Nucleoplasm, Cytosol, Plasma Membrane",https://www.nature.com/articles/s41418-017-0012-19
Apoptosis,DIABLO,"SMAC, DFNA64",diablo IAP-binding mitochondrial protein,Mitochondria,https://www.nature.com/articles/s41418-017-0012-20
Apoptosis,RIPK1,"IMD57, RIP, RIP1",Receptor interacting serine/threonine kinase 1,"Plasma membrane, Cytosol",https://www.nature.com/articles/s41418-017-0012-21
Apoptosis,FAS,"ALPS1A, APT1, CD95, APO-1",Fas cell surface death receptor,"Plasma membrane, Cytosol",https://www.nature.com/articles/s41418-017-0012-22
 Apoptosis,FADD,"GIG3, MORT",Fas associated via death domain,"Nucleoplasm, Cytosol, Plasma Membrane",https://www.nature.com/articles/s41418-017-0012-23
 Apoptosis,TNFRSF1A,"CD120a, FPF, TBP1, TNF-R, R55",TNF receptor superfamily member 1A,Cytoplasm,https://www.nature.com/articles/s41418-017-0012-24
 Apoptosis,CASP3,"CPP32, CPP32B",caspase 3,Cytoplasm,https://www.nature.com/articles/s41418-017-0012-25
 Apoptosis,CASP7,"CASP-7, CMH-1, ICE-LAP3",caspase7,cytoplasm,https://www.nature.com/articles/s41418-017-0012-26
 Apoptosis,BID,FP497,BH3 interacting domain death agonist,Cytoplasm,https://www.nature.com/articles/s41418-017-0012-27
 Apoptosis,RIPK1,"IMD57, RIP, RIP1",Receptor interacting serine/threonine kinase 1,"Plasma membrane, Cytosol",https://www.nature.com/articles/s41418-017-0012-28
 Apoptosis,MAPKAPK2,"MK2, MK-2, MAPKAP-K2",MAPK activated protein kinase 2,Nucleus,https://www.nature.com/articles/s41418-017-0012-29
 Apoptosis,UNC5D,"Unc5h4, mKIAA1777",unc-5 netrin receptor D,Plasma,https://www.nature.com/articles/s41418-017-0012-30
 Apoptosis,TICAM1,"IIAE6, TRIF, MyD88-3",toll like receptor adaptor molecule 1,"Nucleus, Plasma Membrane",https://www.nature.com/articles/s41418-017-0012-31
 Apoptosis,TRADD,Hs. 89862,TNFRSF1A associated via death domain,Cytosol,https://www.nature.com/articles/s41418-017-0012-32
 Apoptosis,CASP8,"APLS2B, CAP4, FLICE","Caspase 8, Apoptosis-Related Cysteine Peptidase","Nucleus, Cytosol",https://www.nature.com/articles/s41418-017-0012-4
 Apoptosis,NR2C2,"TAK1, TR4",nuclear receptor subfamily 2 group3 member 2,Nucleoplasm,https://www.nature.com/articles/s41418-017-0012-34
 Apoptosis,PPIF,"CYP3, CypD, CyP-M",peptidylprolyl isomerase F,mitochondria,https://www.nature.com/articles/s41418-017-0012-36
MPT,BAX,"Apoptosis Regulator BAX, Bcl-2-Like Protein 4, Bcl2-L-4","BCL2 Associated X, Apoptosis Regulator",Mitochondria,https://www.ncbi.nlm.nih.gov/pubmed/28684269
MPT,BAK1,"BAK, Pro-Apoptotic Protein BAK, BCL2-Antagonist/Killer 1, BCL2-Like 7 Protein, BAK-LIKE","BCL2 Antagonist/Killer 1, Bcl-2 Homologous Antagonist/Killer",Mitochondria,https://www.ncbi.nlm.nih.gov/pubmed/28684269
MPT,TP53,"Tumor Protein 53, P53","Tumor Protein P53, Cellular Tumor Antigen P53",Nucleus,https://www.nature.com/articles/s41419-018-0730-7
MPT,MCU,"C10orf42, CCDC109A, HsMCU",mitochondrial calcium uniporter,mitochondria,https://www.nature.com/articles/s41418-017-0012-4
MPT,M-aAA,C2orf47,matrix AAA peptidase interacting protein 1,Mitochondria,https://www.nature.com/articles/s41418-017-0012-4
MPT,Slc8B1,"NCKX6, NCLX, SLC24A6",solute carrier family 8 (sodium/lithium/calciu/exhanger,Suspected in Membrane,https://www.nature.com/articles/s41418-017-0012-4
MPT,RAPGEF3,"EPAC1, HSU79275, CAP-GEFI",Rap guanine culdeotide exchange factor 3,cytosol,https://www.nature.com/articles/s41418-017-0012-4
MPT,PPIF,"CYP3, CypD, CyP-M",peptidylprolyl isomerase F,mitochondria,https://www.nature.com/articles/s41418-017-0012-4
MPT,VDAC1,"PORIN, VDAC-1",voltage dependent anion channel 1,cytosol,https://www.nature.com/articles/s41418-017-0012-4
MPT,BID,"BID Isoform L(2), BID Isoform Si6, FP497",BH3 Interacting Domain Death Agonist,Cytoplasm,https://www.nature.com/articles/s41418-017-0012-4
Necroptosis,RIPK3,RIP3,receptor interacting serine-threonine kinase 3,Cytoplasm,https://www.nature.com/articles/s41418-017-0012-4
Necroptosis,MLKL,hMLKL,mixed lineage kinase domain like pseudokinase,"Nucleus, Vesicles",https://www.nature.com/articles/s41418-017-0012-4
Necroptosis,CASP8,"APLS2B, CAP4, FLICE","Caspase 8, Apoptosis-Related Cysteine Peptidase","Nucleus, Cytosol",https://www.nature.com/articles/s41418-017-0012-4
Necroptosis,RIPK1,"D330015H01Rik, receptor (TNFRSF)-INTERACTING SERINE-THREONINE KINASE 1, receptor interacting serine/threonine kinase 1, Rinp, RIP, RIP-I, RIP1, Ripk1 predicted, TNRF interacting serine threonine kinase",receptor interacting serine/threonine kinase 1,,https://www.nature.com/articles/s41419-019-1490-8
Necroptosis,RIPK3,"RIP-3, RIP3, RIP-Like protein kinase 3","Receptor Interacting Serine/Threonine Kinase 3, Receptor-Interacting Serine/Threonine-Protein Kinase 3",cytoplasm,http://jcb.rupress.org/content/218/6/1994
Ferroptosis,GPX4,"GPx-4, GSHPx-4, MCSP, PHGPx",glutathione peroxidase 4,nucleoplasm Mitchondria,https://www.nature.com/articles/s41418-017-0012-4
Ferroptosis,VDAC2,"VDAC-2, HVDAC2, POR ","Voltage Dependent Anion Channel 2, Voltage-Dependent Anion-Selective Channel Protein 2",mitchondria,https://www.frontiersin.org/articles/10.3389/fonc.2017.00303/full
Ferroptosis,VDAC3,"VDAC-3, HD-VDAC3, HVDAC","Voltage Dependent Anion Channel 3, Voltage-Dependent Anion-Selective Channel Protein ",mitochondria,https://www.frontiersin.org/articles/10.3389/fonc.2017.00303/full
Pyroptosis,SCAF11,"CASP11, SFRS2IP, SIP1, SRRP129",SR-related CTD associated factor 11,"Cytosol, membrane protein",https://www.nature.com/articles/s41418-017-0012-4
Pyroptosis,IL18,"IFIF, IL-18, IL1F4",interleukin 18,"Nucleus, Golgi apparatus, Cytosol",https://www.nature.com/articles/s41418-017-0012-4
Pyroptosis,CASP4,"ICEREL-II, ICH-2",caspase 4,"Plasma Membrane,cytosol",https://www.nature.com/articles/s41418-017-0012-4
Pyroptosis,CASP1,"Inflammasome (Nalp3, Asc, Casp1)","Caspase 1, Caspase-1, Caspase 1, Apoptosis-Related Cysteine Peptidase, Interleukin 1, Beta, Convertase",Cytoplasm,https://www.ncbi.nlm.nih.gov/pmc/articles/PMC5416822/
Pyroptosis,CASP3,Caspase 3/6/7,"CASP3/6/7, Caspase 3, 6, 7, Caspase-3, -6, and -7",cytoplasm,https://www.ncbi.nlm.nih.gov/pmc/articles/PMC6101557/
Pyroptosis,SCAF11,"SFRS2IP, SRSF2IP, CASP11, SIP1","SR-Related CTD Associated Factor 11, Splicing Factor, Arginine/Serine-Rich 2-Interacting Protein, Serine/Arginine-Rich Splicing Factor 2-Interacting Protein",Nucleus,https://www.ncbi.nlm.nih.gov/pubmed/29941463
Pyroptosis,IL1B,"Catabolin, IL-1 Beta, IL1F2, Pro-Interleukin-1-Beta",Interleukin 1 Beta,cytoplasm,https://www.ncbi.nlm.nih.gov/pubmed/30089254
Pyroptosis,IFN,"IFG, IFI, IFN-Gamma","INTERFERON, interferon gamma",cytoplasm,https://www.ncbi.nlm.nih.gov/pmc/articles/PMC5416822/
Pyroptosis,CASP5,"ICE, ICEREL-III, ICH-3",caspase 5,Plasma membrane,https://www.nature.com/articles/s41418-017-0012-4
Pyroptosis,GSDMD,"DF5L, DFNA5L",gasdermin D,Nucleoplasm,https://www.nature.com/articles/s41418-017-0012-4
Pyroptosis,GSDME,"DFNA5, ICERE-1",gasdermin E,Cytosol,https://www.nature.com/articles/s41418-017-0012-4
Pyroptosis,TLR7 ,TLR7-like,toll like receptor 7,Membrane,https://www.nature.com/articles/s41418-017-0012-4
Pyroptosis,MAVS,"CARDIF, IPS-1, IPS1, VISA",mitochondrial antiviral signaling protein,mitochondria,https://www.nature.com/articles/s41418-017-0012-4
Parthanatos,RIPK3,RIPK3,"RIP-3, RIP3, RIP-Like protein kinase 3","Receptor Interacting Serine/Threonine Kinase 3, Receptor-Interacting Serine/Threonine-Protein Kinase 3",https://www.nature.com/articles/s41418-017-0012-4
Parthanatos,ARH3,"ARH3, CONDSIAS",ADP-ribosylhydrolase like 2,Nucleoplasm,https://www.nature.com/articles/s41418-017-0012-4
Parthanatos,AIF,"AIFM1, ","Apoptosis-Inducing Factor, Mitochondrion-Associated, 1, Programmed Cell Death 8 (Apoptosis-Inducing Factor), Apoptosis-Inducing Factor 1, Mitochondrial",mitochondria,https://www.sciencedirect.com/science/article/pii/S2213231717305748
Parthanatos,MIF,"GLIF, MMIF, GIF",Macrophage Migration Inhibitory Factor,Cytoplasm,https://jhu.pure.elsevier.com/en/publications/excitotoxic-programmed-cell-death-involves-caspase-independent-me-4
Parthanatos,HK1,"HK1-Tb, HK1-Tc, HMSNR, HXK1","Hexokinase 1, Hexokinase type 1",,https://www.mdpi.com/1660-3397/17/2/76/htm
Parthanatos,RIPK1,"D330015H01Rik, receptor (TNFRSF)-INTERACTING SERINE-THREONINE KINASE 1, receptor interacting serine/threonine kinase 1, Rinp, RIP, RIP-I, RIP1, Ripk1 predicted, TNRF interacting serine threonine kinase",receptor interacting serine/threonine kinase 1,,https://www.ncbi.nlm.nih.gov/pubmed/28993228
Parthanatos,PARP1,"Poly [ADP-Ribose] Polymerase 1, Poly[ADP-Ribose] Synthase 1, EC 2.4.2.30, ADPRT 1, PARP-1","Poly(ADP-ribse) Polymerase 1, ADP-Ribotransferase",nucleus,https://www.ncbi.nlm.nih.gov/pmc/articles/PMC5641921/
Parthanatos,RHOA,"ARH12, RHO12, ARHA","Ras Homolog Family Member A, Transforming Protein RhoA",cytoplasm,https://www.sciencedirect.com/science/article/pii/S0167488918300399
Parthanatos,ROCK1,"Rho-Associated Protein Kinase 1, P160 ROCK-1 ","Rho Associated Coiled-Coil Containing Protein Kinase 1, Renal Carcinoma Antigen NY-REN-35",cytoplasm,https://www.ncbi.nlm.nih.gov/pmc/articles/PMC6396220/
Parthanatos,ROCK2,"Rho-Associated Protein Kinase 2, P164 ROCK-2, EC 2.7.11.1, ROCK-II","Rho Associated Coiled-Coil Containing Protein Kinase 2, Rho-Associated, Coiled-Coil-Containing Protein Kinase II",cytoplasm,https://www.sciencedirect.com/science/article/pii/S2319417017300471
Parthanatos,CDH1,"E-Cadherin, CAM 120/80, CDHE, UVO ","Cadherin 1, Cadherin 1, Type 1, E-Cadherin (Epithelial), Epithelial Cadherin",cytoplasm,https://www.nature.com/articles/s41422-019-0164-5
Parthanatos,STAT3,"Signal Transducer And Activator Of Transcription 3 (Acute-Phase Response Factor), DNA-Binding Protein APRF",Signal Transducer And Activator Of Transcription 3,cytoplasm,https://www.sciencedirect.com/science/article/pii/S0006295218300832
Parthanatos,LAMP1,"CD107 Antigen-Like Family Member A, LAMP-1, Lysosomal-Associated Membrane Protein 1","Lysosomal Associated Membrane Protein 1, Lysosome-Associated Membrane Glycoprotein 1",,https://www.ncbi.nlm.nih.gov/pmc/articles/PMC5542621/
Parthanatos,CALR,"Calregulin, CRP55, ERp60, HACBP, Grp60",Calreticulin,endoplasmic reticulum,http://www.bloodjournal.org/content/132/Suppl_1/1932?sso-checked=true
Parthanatos,HMGB1,"Amphoterin, HMG-1, HMG1, High-Mobility Group Box 1","High Mobility Group Box 1, High-Mobility Group (Nonhistone Chromosomal) Protein 1 ",nucleus,https://www.ncbi.nlm.nih.gov/pmc/articles/PMC4801435/
Parthanatos,IFN,"IFG, IFI, IFN-Gamma","INTERFERON, interferon gamma",cytoplasm,https://www.ncbi.nlm.nih.gov/pubmed/29050360
Parthanatos,EIF2AK3,"PERK, PEK, HsPEK","Eukaryotic Translation Initiation Factor 2-Alpha Kinase 3, PRKR-Like Endoplasmic Reticulum Kinase",endoplasmic reticulum,https://www.ncbi.nlm.nih.gov/pmc/articles/PMC5333759/
Parthanatos,CASP8,"Caspase-8, FLICE","Caspase 8, Apoptosis-Related Cysteine Peptidase",cytoplasm,https://www.frontiersin.org/articles/10.3389/fcell.2019.00050/full
Parthanatos,PDIA3,"Endoplasmic Reticulum Resident Protein 60, Protein Disulfide Isomerase-Associated 3",Protein Disulfide Isomerase Family A Member 3 ,endoplasmic reticulum,https://www.frontiersin.org/articles/10.3389/fonc.2019.00411/full
Parthanatos,TLR,"TIL, CD281 Antigen","Toll Like Receptor 1, Toll/Interleukin-1 Receptor-Like Protein",Plasma membrane,https://www.cell.com/molecular-therapy-family/molecular-therapy/fulltext/S1525-0016(17)30112-0
Parthanatos,ERN1,"Inositol-Requiring Protein 1, Inositol-Requiring Enzyme 1","Endoplasmic Reticulum To Nucleus Signaling 1, Serine/Threonine-Protein Kinase/Endoribonuclease IRE1",endoplasmic reticulum,https://www.cell.com/trends/cancer/references/S2405-8033(17)30136-X
Parthanatos,ATF6,"CAMP-Dependent Transcription Factor ATF-6 Alpha, Activating Transcription Factor 6 Alpha, ATF6-Alph",Activating Transcription Factor 6,endoplasmic reticulum,https://www.frontiersin.org/articles/10.3389/fcell.2019.00050/full
Efferocytosis,NFKBIA,"EDAID2, IKBA, MAD-3",NFKB inhibitor alpha,cytosol,https://www.nature.com/articles/s41418-017-0012-4
Efferocytosis,MAP3K3,"MAPKKK3, MEKK3",mitogen-activated protein kinase kinase kinase 3,nucleoplasm,https://www.nature.com/articles/s41418-017-0012-4
Efferocytosis,TNFRSF1B,"CD120b, TBPII, TNF-R-II, TNFR2",TNF receptor superfamily member 1B,Plasma membrane,https://www.nature.com/articles/s41418-017-0012-4
Efferocytosis,CASP3,"CPP32, CPP32B, SCA-1",caspase 3,"Nucleoplasm, Mitochondria",https://www.nature.com/articles/s41418-017-0012-4
Efferocytosis,LOC728519,"BIRC, NAIP1B",NLR family apoptosis inhibitory protein psuedogene,"Nucleus, cytosol",https://www.nature.com/articles/s41418-017-0012-4
Efferocytosis,BIRC2,"CIAP1, IAP1, API1, HIAP2",Baculoviral IAP Repeat-Containing Protein 2,"Nucleus, Nucleoli fibrillar center, Cytosol",https://www.nature.com/articles/s41418-017-0012-4
Efferocytosis,IL-1R,"CD121A, D1S1473, IL-1R-alpha",interleukin 1 receptor type 1,Membrane,https://www.nature.com/articles/s41418-017-0012-4
Efferocytosis,TNF,"DIF-alpha, TNFA, TNFSF2, ",tumor necrosis factor,Membrane,https://www.nature.com/articles/s41418-017-0012-4
Efferocytosis,RIPK1,"IMD57, RIP, RIP1",receptor interacting serine-threonine kinase 1,"Plasma membrane, cytosol",https://www.nature.com/articles/s41418-017-0012-4
Lysosomal_CD,STAT3,"ADMIO, ADMIO1",signal transducer and activator of transcription 3,"Nucleoplasm, cytosol",https://www.nature.com/articles/s41418-017-0012-4
Lysosomal_CD,BID,FP497,BHD interacting domain death agonist,Cytosol,https://www.nature.com/articles/s41418-017-0012-4
Lysosomal_CD,BAX,BCL2L4,"BCL2 associated X, apoptosis regulator","transporter, cytosol",https://www.nature.com/articles/s41418-017-0012-4
Lysosomal_CD,BCL2,"Bcl-2, PPP1R50",BCL2 apoptosis regulator,"Nucleoplasm, nuclear membrane",https://www.nature.com/articles/s41418-017-0012-4
Lysosomal_CD,XIAP,"API3, BIRC4, XLP2, hIAP3",X-linked inhibitor of apoptosis,"Nucleoplasm, plasma membrane, cytosol",https://www.nature.com/articles/s41418-017-0012-4
Lysosomal_CD,PRTN3,"ACPA, AGP7, C-ANCA, CANCA",proteinase 3,"Plasma protein, predicted intracellular proteins",https://www.nature.com/articles/s41418-017-0012-4
Lysosomal_CD,CTSL,"CATL1, MEP, CTSL",cathepsin L,plasma protein,https://www.nature.com/articles/s41418-017-0012-4
Lysosomal_CD,CASP3,"CPP32, CPP32B, SCA-1",caspase 3,"Nucleoplasm, Mitochondria",https://www.nature.com/articles/s41418-017-0012-4
Mitotic_CD,ANAPC10,"APC10, DOC1",anaphase promoting complex subunit 10,"Nucleoplasm, golgi apparatus",https://www.nature.com/articles/s41418-017-0012-4
Mitotic_CD,UBE2C,UBCH10,ubiquitin conjugating enzyme E2C,cytosol,https://www.nature.com/articles/s41418-017-0012-4
Mitotic_CD,CDC26,"ANAPC12, APC12",cell division cycle 26,Nucleoplasm,https://www.nature.com/articles/s41418-017-0012-4
Mitotic_CD,ANAPC2,APC2,anaphase promoting complex subunit 2,Nucleoplasm,https://www.nature.com/articles/s41418-017-0012-4
Mitotic_CD,ANAPC4,APC4,anaphase promoting complex subunit 4,,https://www.nature.com/articles/s41418-017-0012-4
Mitotic_CD,MAD2L1,"HSMAD2, MAD2",mitotic arrest deficient 2 like 1,Nucleoplasm,https://www.nature.com/articles/s41418-017-0012-4
Mitotic_CD,ANAPC5,APC5,anaphase promoting complex subunit 5,Nucleoplasm,https://www.nature.com/articles/s41418-017-0012-4
Mitotic_CD,ANAPC7,APC7,anaphase promoting complex subunit 7,Nucleoplasm,https://www.nature.com/articles/s41418-017-0012-4
Mitotic_CD,ANAPC11,APC11,anaphase promoting complex subunit 11,Nucleoplasm,https://www.nature.com/articles/s41418-017-0012-4
Mitotic_CD,ANAPC1,APC1,anaphase promoting complex subunit 1,Nucleoplasm,https://www.nature.com/articles/s41418-017-0012-4
Mitotic_CD,CDC27P5,LOC647654,cell division cycle 27 pseudogene 5,Nucleoplasm,https://www.nature.com/articles/s41418-017-0012-4
Mitotic_CD,CDC27P6,LOC649620,cell division cycle 27pseudogene 6,,https://www.nature.com/articles/s41418-017-0012-4
Mitotic_CD,BUB1B,"MVA1, SSK1, BUBR1, MAD3L, hBUBR1",BUB1 mitotic checkpoint serine-threonine kinase B,Cytosol,https://www.nature.com/articles/s41418-017-0012-4
Mitotic_CD,CDC26P1,CDC26P,cell division cycle 26 pseudogene 1,Nucleoplasm,https://www.nature.com/articles/s41418-017-0012-4
Mitotic_CD,UBE2D1,"E1 (17)KB1, SFT, UBC4/5",ubiquitin conjugating enzyme E3 D1,"Cytosol, plasma membrane",https://www.nature.com/articles/s41418-017-0012-4
Mitotic_CD,UBE2E1,UBCH6,ubiquitin conjugating enzyme E2 E1,"Cytosol, plasma membrane",https://www.nature.com/articles/s41418-017-0012-4
Mitotic_CD,CDC23,"ANAPC8, APC8, CUT23",cell division cycle 23,Nucleoplasm,https://www.nature.com/articles/s41418-017-0012-4
Mitotic_CD,CDC16,"ANAPC6, APC6Hs, CUT9, ",cell division cycle 16,Nucleoplasm,https://www.nature.com/articles/s41418-017-0012-4
Mitotic_CD,BUB3,"BUB3L, hBUB3",BUB3 mitotic checkpoint protein ,Nucleoplasm,https://www.nature.com/articles/s41418-017-0012-4
Mitotic_CD,CDC20,"CDC20A, bA276H19.3, p55CDC",cell division cycle 20,Nucleoplasm,https://www.nature.com/articles/s41418-017-0012-4
Mitotic_CD,CDC27,"ANAPC3, APC3Hs, D0S1430E, HNUC",cell division cycle 27,Nucleoplasm,https://www.nature.com/articles/s41418-017-0012-4
