STANDARD_NAME	REACTOME_AUTOPHAGY
SYSTEMATIC_NAME	M27935
CATEGORY_CODE	C2
SUB_CATEGORY_CODE	CP:REACTOME
MSIGDB_URL	https://www.gsea-msigdb.org/gsea/msigdb/human/geneset/REACTOME_AUTOPHAGY
CHIP	Human_Ensembl_Gene_ID
DESCRIPTION_BRIEF	Autophagy
DESCRIPTION_FULL	
PMID	
GEOID	
AUTHORS	
CONTRIBUTOR	Reactome
CONTRIBUTOR_ORG	Reactome
EXACT_SOURCE	R-HSA-9612973
FILTERED_BY_SIMILARITY	R-HSA-1632852
EXTERNAL_NAMES_FOR_SIMILAR_TERMS	Macroautophagy
EXTERNAL_DETAILS_URL	https://reactome.org/PathwayBrowser/#/R-HSA-9612973|https://www.reactome.org/content/detail/R-HSA-9612973
GENESET_LISTING_URL	
MEMBERS	ENSG00000001626,ENSG00000005893,ENSG00000023287,ENSG00000025039,ENSG00000026025,ENSG00000032742,ENSG00000034713,ENSG00000057663,ENSG00000069509,ENSG00000070540,ENSG00000070770,ENSG00000074319,ENSG00000075886,ENSG00000077380,ENSG00000078142,ENSG00000080824,ENSG00000083750,ENSG00000083937,ENSG00000085978,ENSG00000088986,ENSG00000094631,ENSG00000096384,ENSG00000100216,ENSG00000100330,ENSG00000101162,ENSG00000101266,ENSG00000101421,ENSG00000101460,ENSG00000101844,ENSG00000103197,ENSG00000104833,ENSG00000105355,ENSG00000106615,ENSG00000106617,ENSG00000109270,ENSG00000109971,ENSG00000110497,ENSG00000111725,ENSG00000115561,ENSG00000115592,ENSG00000116016,ENSG00000116288,ENSG00000116586,ENSG00000116688,ENSG00000116954,ENSG00000123395,ENSG00000123416,ENSG00000125703,ENSG00000126581,ENSG00000126775,ENSG00000127824,ENSG00000129538,ENSG00000130204,ENSG00000130724,ENSG00000130734,ENSG00000131095,ENSG00000131791,ENSG00000132356,ENSG00000134248,ENSG00000135093,ENSG00000135720,ENSG00000137267,ENSG00000137285,ENSG00000139112,ENSG00000139197,ENSG00000139722,ENSG00000140941,ENSG00000141564,ENSG00000141580,ENSG00000141971,ENSG00000143947,ENSG00000144635,ENSG00000144848,ENSG00000145782,ENSG00000147457,ENSG00000147872,ENSG00000149311,ENSG00000149357,ENSG00000150991,ENSG00000152086,ENSG00000152348,ENSG00000154174,ENSG00000155876,ENSG00000155975,ENSG00000156469,ENSG00000156508,ENSG00000157954,ENSG00000158560,ENSG00000158828,ENSG00000160299,ENSG00000160948,ENSG00000161011,ENSG00000162409,ENSG00000163719,ENSG00000164695,ENSG00000165006,ENSG00000165280,ENSG00000165699,ENSG00000167552,ENSG00000167553,ENSG00000167965,ENSG00000167987,ENSG00000168397,ENSG00000169379,ENSG00000170296,ENSG00000170315,ENSG00000171109,ENSG00000173213,ENSG00000173726,ENSG00000175224,ENSG00000175768,ENSG00000176014,ENSG00000176108,ENSG00000176428,ENSG00000177058,ENSG00000177143,ENSG00000177169,ENSG00000177889,ENSG00000178462,ENSG00000181652,ENSG00000181929,ENSG00000183785,ENSG00000185122,ENSG00000185345,ENSG00000188186,ENSG00000188229,ENSG00000188554,ENSG00000196455,ENSG00000196683,ENSG00000196814,ENSG00000196998,ENSG00000197102,ENSG00000197122,ENSG00000197548,ENSG00000197769,ENSG00000198033,ENSG00000198382,ENSG00000198793,ENSG00000198925,ENSG00000204435,ENSG00000206406,ENSG00000213585,ENSG00000214736,ENSG00000221983,ENSG00000224398,ENSG00000224774,ENSG00000228875,ENSG00000230700,ENSG00000232960,ENSG00000243910,ENSG00000244687,ENSG00000244734,ENSG00000247077,ENSG00000254505,ENSG00000258947,ENSG00000261456,ENSG00000264364,ENSG00000281089,ENSG00000284099,ENSG00000284774,ENSG00000285302,ENSG00000285339,ENSG00000288217
MAPPED_SYMBOLS	CFTR,LAMP2,RB1CC1,RRAGD,VIM,IFT88,GABARAPL2,ATG5,FUNDC1,WIPI1,CSNK2A2,TSG101,TUBA3D,DYNC1I2,PIK3C3,HSP90AA1,RRAGB,CHMP2B,ATG16L1,DYNLL1,HDAC6,HSP90AB1,TOMM22,MTMR3,TUBB1,CSNK2A1,CHMP4B,MAP1LC3A,ATG4A,TSC2,TUBB4A,PLIN3,RHEB,PRKAG2,LAMTOR3,HSPA8,AMBRA1,PRKAB1,CHMP3,PRKAG3,EPAS1,PARK7,LAMTOR2,MFN2,RRAGC,ATG101,TUBA1B,ATG4C,BECN1,ATG14,TUBA4A,RNASE1,TOMM40,CHMP2A,ATG4D,GFAP,PRKAB2,PRKAA1,LAMTOR5,USP30,DYNC1LI2,TUBB2A,TUBB2B,GABARAPL1,PEX5,VPS37B,MAP1LC3B,RPTOR,WDR45B,MVB12A,RPS27A,DYNC1LI1,ATG3,ATG12,CHMP7,PLIN2,ATM,LAMTOR1,UBC,TUBA3E,ATG10,TOMM70,RRAGA,VPS37A,MTERF3,EEF1A1,WIPI2,DYNC1I1,PINK1,PCNT,VPS28,SQSTM1,PRKAA2,MTMR14,CHMP4C,UBAP1,VCP,TSC1,TUBA1A,TUBA1C,MLST8,VPS37C,ATG4B,ARL13B,GABARAP,UBB,MFN1,TUBB8B,TOMM20,ATG13,TOMM5,TUBB6,CHMP6,VPS37D,SLC38A9,CETN1,ULK1,UBE2N,TUBAL3,ATG9B,PRKAG1,TUBA8,HSF1,PRKN,LAMTOR4,TUBB4B,NBR1,PIK3R4,TOMM7,MVB12B,WDR45,DYNC1H1,SRC,ATG7,MAP1LC3C,TUBA3C,UVRAG,MTOR,ATG9A,CSNK2B,CSNK2B,VDAC1,TOMM6,UBA52,CSNK2B,CSNK2B,CSNK2B,CSNK2B,CSNK2B,TUBA4B,UBE2V1,HBB,PGAM5,CHMP4A,TUBB3,TUBB8,DYNLL2,ATG16L1,SQSTM1,HSF1,CHMP4A,VPS28,PEX5
